[
  {
    "value": "USD",
    "synonyms": [
      "USD",
      "united states dollar",
      "united states dollars"
    ]
  },
  {
    "value": "AUD",
    "synonyms": [
      "AUD",
      "australian dollar",
      "australian dollars"
    ]
  },
  {
    "value": "BGN",
    "synonyms": [
      "BGN",
      "Bilgarian Lev",
      "Lev",
      "Levs",
      "Bulgarian Levs"
    ]
  },
  {
    "value": "BRL",
    "synonyms": [
      "BRL",
      "Brazilian Real",
      "Brazilian reals",
      "Real",
      "Reals"
    ]
  },
  {
    "value": "CAD",
    "synonyms": [
      "CAD",
      "Canadian dollar",
      "canadian dollars"
    ]
  },
  {
    "value": "CHF",
    "synonyms": [
      "CHF",
      "Swiss Franc",
      "Swiss Francs",
      "Franc",
      "Francs"
    ]
  },
  {
    "value": "CNY",
    "synonyms": [
      "CNY",
      "Chinese Yuan",
      "Chinese Yuans",
      "Yuan",
      "Yuans"
    ]
  },
  {
    "value": "CZK",
    "synonyms": [
      "CZK",
      "Czech Koruna",
      "Czech Korunas",
      "Koruna",
      "korunas"
    ]
  },
  {
    "value": "DKK",
    "synonyms": [
      "DKK",
      "Danish Krone",
      "Danish Krones"
    ]
  },
  {
    "value": "EUR",
    "synonyms": [
      "EUR",
      "euros",
      "euro"
    ]
  },
  {
    "value": "HKD",
    "synonyms": [
      "HKD",
      "Hong Kong Dollar",
      "Hong Kong Dollars"
    ]
  },
  {
    "value": "HRK",
    "synonyms": [
      "HRK",
      "Croatian Kuna",
      "Croatian Kunas",
      "kuna",
      "kunas"
    ]
  },
  {
    "value": "HUF",
    "synonyms": [
      "HUF",
      "Hungarian Forint",
      "Hungarian Forints",
      "Forints",
      "Forint"
    ]
  },
  {
    "value": "IDR",
    "synonyms": [
      "IDR",
      "Indonesian Rupiah",
      "Indonesian Rupiahs",
      "Rupiahs",
      "Rupiah"
    ]
  },
  {
    "value": "ILS",
    "synonyms": [
      "Israeli Shekel",
      "ILS",
      "Israeli Shekels",
      "Shekel",
      "Shekels"
    ]
  },
  {
    "value": "INR",
    "synonyms": [
      "INR",
      "Indian Rupee",
      "Indian Rupees",
      "Rupee",
      "Rupees"
    ]
  },
  {
    "value": "ISK",
    "synonyms": [
      "ISK",
      "Icelandic Krona",
      "Icelandic Kronas"
    ]
  },
  {
    "value": "JPY",
    "synonyms": [
      "JPY",
      "Japanese Yen",
      "Yen"
    ]
  },
  {
    "value": "KRW",
    "synonyms": [
      "KRW",
      "South Korean won",
      "won",
      "wons",
      "South Korean wons"
    ]
  },
  {
    "value": "MXN",
    "synonyms": [
      "MXN",
      "Mexican Peso",
      "Mexican Pesos",
      "peso",
      "pesos"
    ]
  },
  {
    "value": "MYR",
    "synonyms": [
      "MYR",
      "Malaysian Ringgit",
      "Malaysian Ringgits",
      "Ringgit",
      "Ringgits"
    ]
  },
  {
    "value": "NOK",
    "synonyms": [
      "NOK",
      "Norwegian Krone",
      "Norwegian Krones"
    ]
  },
  {
    "value": "NZD",
    "synonyms": [
      "NZD",
      "New Zealand Dollar",
      "New Zealand Dollars"
    ]
  },
  {
    "value": "PHP",
    "synonyms": [
      "PHP",
      "Philippine Piso",
      "Philippine Pisos",
      "piso",
      "pisos"
    ]
  },
  {
    "value": "PLN",
    "synonyms": [
      "PLN",
      "zloty",
      "zlotys",
      "Poland złoty",
      "Poland złotys"
    ]
  },
  {
    "value": "RON",
    "synonyms": [
      "RON",
      "Romanian Leu",
      "Romanian Leus",
      "Leu",
      "Leus"
    ]
  },
  {
    "value": "RUB",
    "synonyms": [
      "RUB",
      "Russian Ruble",
      "Russian Rubles",
      "rubles",
      "ruble"
    ]
  },
  {
    "value": "SEK",
    "synonyms": [
      "SEK",
      "Swedish Kronas",
      "Swedish Krona"
    ]
  },
  {
    "value": "SGD",
    "synonyms": [
      "SGD",
      "Singapore Dollar",
      "Singapore Dollars"
    ]
  },
  {
    "value": "THB",
    "synonyms": [
      "THB",
      "Thai Baht",
      "Thai Bahts",
      "baht",
      "bahts"
    ]
  },
  {
    "value": "TRY",
    "synonyms": [
      "TRY",
      "Turkish liras",
      "Turkish lira",
      "lira",
      "liras"
    ]
  },
  {
    "value": "ZAR",
    "synonyms": [
      "ZAR",
      "South African Rand",
      "South African Rands",
      "rand",
      "rands"
    ]
  }
]