[
  {
    "value": "01",
    "synonyms": [
      "01",
      "january",
      "1",
      "jan"
    ]
  },
  {
    "value": "02",
    "synonyms": [
      "02",
      "febuary",
      "2",
      "february",
      "feb"
    ]
  },
  {
    "value": "08",
    "synonyms": [
      "08",
      "august",
      "8",
      "aug"
    ]
  },
  {
    "value": "10",
    "synonyms": [
      "10",
      "october",
      "oct"
    ]
  },
  {
    "value": "05",
    "synonyms": [
      "05",
      "may",
      "5"
    ]
  },
  {
    "value": "summer",
    "synonyms": [
      "summer"
    ]
  },
  {
    "value": "spring",
    "synonyms": [
      "spring"
    ]
  },
  {
    "value": "03",
    "synonyms": [
      "03",
      "march",
      "3",
      "mar"
    ]
  },
  {
    "value": "12",
    "synonyms": [
      "12",
      "december",
      "dec"
    ]
  },
  {
    "value": "11",
    "synonyms": [
      "11",
      "november",
      "nov"
    ]
  },
  {
    "value": "winter",
    "synonyms": [
      "winter"
    ]
  },
  {
    "value": "09",
    "synonyms": [
      "09",
      "september",
      "9",
      "sept",
      "sep"
    ]
  },
  {
    "value": "fall",
    "synonyms": [
      "fall"
    ]
  },
  {
    "value": "06",
    "synonyms": [
      "06",
      "june",
      "6",
      "jun"
    ]
  },
  {
    "value": "04",
    "synonyms": [
      "04",
      "april",
      "4",
      "apr"
    ]
  },
  {
    "value": "07",
    "synonyms": [
      "07",
      "july",
      "7",
      "jul"
    ]
  },
  {
    "value": "year",
    "synonyms": [
      "year",
      "all year",
      "yearly",
      "by year",
      "all",
      "any",
      "over the year",
      "during the year",
      "the year",
      "this year"
    ]
  }
]