[
  {
    "value": "S",
    "synonyms": [
      "studio",
      "S",
      "studio bedroom",
      "sf",
      "studio bdrm",
      "s bd",
      "Sbd"
    ]
  },
  {
    "value": "3",
    "synonyms": [
      "3",
      "3 bedroom",
      "three bedroom",
      "triple",
      "triple bedroom",
      "triple bed",
      "3 bed",
      "three bed",
      "3f",
      "3 bd",
      "three bd",
      "3bd"
    ]
  },
  {
    "value": "1",
    "synonyms": [
      "1",
      "single",
      "one bedroom",
      "1 bedroom",
      "single bedroom",
      "one bed",
      "1 bed",
      "single bed",
      "single room",
      "1f",
      "1 bd",
      "one bd",
      "1bedroom",
      "1bd"
    ]
  },
  {
    "value": "2",
    "synonyms": [
      "2",
      "2 bedroom",
      "two bedroom",
      "double",
      "two bed",
      "2 bed",
      "double bed",
      "double bedroom",
      "2f",
      "2 bd",
      "two bd",
      "2bd"
    ]
  },
  {
    "value": "1bdr",
    "synonyms": [
      "1bdr"
    ]
  }
]