[
  {
    "value": "1 Bedroom",
    "synonyms": [
      "1 Bedroom",
      "1B",
      "single",
      "single bedroom"
    ]
  },
  {
    "value": "2 Bedroom",
    "synonyms": [
      "2 Bedroom",
      "2B",
      "double",
      "double bedroom"
    ]
  },
  {
    "value": "3 Bedroom",
    "synonyms": [
      "3 Bedroom",
      "3B",
      "triple",
      "triple bedroom"
    ]
  },
  {
    "value": "4 Bedroom",
    "synonyms": [
      "4 Bedroom",
      "4B",
      "four bed"
    ]
  },
  {
    "value": "Studio",
    "synonyms": [
      "Studio",
      "S"
    ]
  }
]