[
  {
    "id": "28de56ab-0cd3-4fa8-8fad-5c435423307a",
    "data": [
      {
        "text": "is ",
        "userDefined": false
      },
      {
        "text": "cleaning",
        "alias": "HouseKeeping",
        "meta": "@HouseKeeping",
        "userDefined": false
      },
      {
        "text": " included",
        "userDefined": false
      }
    ],
    "isTemplate": false,
    "count": 2,
    "updated": 1530037340
  },
  {
    "id": "e5f0a6ba-ede4-45b6-bdab-23bac5ba5bf7",
    "data": [
      {
        "text": "is ",
        "userDefined": false
      },
      {
        "text": "housekeeping",
        "alias": "HouseKeeping",
        "meta": "@HouseKeeping",
        "userDefined": true
      },
      {
        "text": " included?",
        "userDefined": false
      }
    ],
    "isTemplate": false,
    "count": 16,
    "updated": 1530037340
  },
  {
    "id": "e65ae80f-eb51-4546-a2ae-0dfd0565214a",
    "data": [
      {
        "text": "is ",
        "userDefined": false
      },
      {
        "text": "house cleaning",
        "alias": "HouseKeeping",
        "meta": "@HouseKeeping",
        "userDefined": false
      },
      {
        "text": " included",
        "userDefined": false
      }
    ],
    "isTemplate": false,
    "count": 5,
    "updated": 0
  },
  {
    "id": "b0acf172-5122-40c0-b874-bbd80b6110ae",
    "data": [
      {
        "text": "is ",
        "userDefined": false
      },
      {
        "text": "housekeeping",
        "alias": "HouseKeeping",
        "meta": "@HouseKeeping",
        "userDefined": false
      },
      {
        "text": " extra?",
        "userDefined": false
      }
    ],
    "isTemplate": false,
    "count": 0,
    "updated": 1530037340
  },
  {
    "id": "a4974538-e2d9-4994-85dd-f16f1a6961cb",
    "data": [
      {
        "text": "is ",
        "userDefined": false
      },
      {
        "text": "house cleaning",
        "alias": "HouseKeeping",
        "meta": "@HouseKeeping",
        "userDefined": true
      },
      {
        "text": " extra",
        "userDefined": false
      }
    ],
    "isTemplate": false,
    "count": 0,
    "updated": 1530037340
  }
]