[
  {
    "id": "aaf92d9e-4fe9-4ea1-81fb-707df5099568",
    "data": [
      {
        "text": "4 years",
        "alias": "duration",
        "meta": "@sys.duration",
        "userDefined": false
      }
    ],
    "isTemplate": false,
    "count": 1,
    "updated": 0
  },
  {
    "id": "88cbf0b0-2a8a-4e3f-a597-6725ae255d6f",
    "data": [
      {
        "text": "5 days",
        "alias": "duration",
        "meta": "@sys.duration",
        "userDefined": false
      }
    ],
    "isTemplate": false,
    "count": 1,
    "updated": 0
  },
  {
    "id": "7e6c8d66-5d61-451d-b1fd-76ba292c67cc",
    "data": [
      {
        "text": "4 days",
        "alias": "duration",
        "meta": "@sys.duration",
        "userDefined": false
      }
    ],
    "isTemplate": false,
    "count": 1,
    "updated": 0
  },
  {
    "id": "c68d0b18-b8c3-41be-b93c-08e2cafc4cab",
    "data": [
      {
        "text": "1 month",
        "alias": "duration",
        "meta": "@sys.duration",
        "userDefined": false
      }
    ],
    "isTemplate": false,
    "count": 2,
    "updated": 0
  },
  {
    "id": "7190bd8c-4633-48b2-a596-5375b4a4fcaf",
    "data": [
      {
        "text": "for ",
        "userDefined": false
      },
      {
        "text": "5 years",
        "alias": "duration",
        "meta": "@sys.duration",
        "userDefined": false
      }
    ],
    "isTemplate": false,
    "count": 0,
    "updated": 1530035008
  },
  {
    "id": "36dd2c8d-c478-4b58-97b6-e4f664e533b3",
    "data": [
      {
        "text": "about ",
        "userDefined": false
      },
      {
        "text": "4 days",
        "alias": "duration",
        "meta": "@sys.duration",
        "userDefined": false
      }
    ],
    "isTemplate": false,
    "count": 0,
    "updated": 1530035008
  },
  {
    "id": "df56346d-d172-41c1-9b2e-06a52a572d78",
    "data": [
      {
        "text": "3 years",
        "alias": "duration",
        "meta": "@sys.duration",
        "userDefined": false
      }
    ],
    "isTemplate": false,
    "count": 0,
    "updated": 1530035008
  }
]