[
  {
    "id": "5fc39c4f-08ea-4157-a7d1-558470c7a7cd",
    "data": [
      {
        "text": "name",
        "userDefined": false
      }
    ],
    "isTemplate": false,
    "count": 1,
    "updated": 1530033166
  },
  {
    "id": "a7e1f881-3a41-43c1-a2d2-d0306246e25a",
    "data": [
      {
        "text": "whats your name",
        "userDefined": false
      }
    ],
    "isTemplate": false,
    "count": 1,
    "updated": 0
  },
  {
    "id": "89ce51f4-d902-444c-bc81-9efa54f7f268",
    "data": [
      {
        "text": "Who are you?",
        "userDefined": false
      }
    ],
    "isTemplate": false,
    "count": 5,
    "updated": 1530033166
  },
  {
    "id": "754c81e0-bf07-48ef-bc86-33d5b7af7ae9",
    "data": [
      {
        "text": "Do you have a name?",
        "userDefined": false
      }
    ],
    "isTemplate": false,
    "count": 0,
    "updated": 1530033166
  },
  {
    "id": "373ff178-d0d1-4429-ba64-ed3e99c194cb",
    "data": [
      {
        "text": "What is your name?",
        "userDefined": false
      }
    ],
    "isTemplate": false,
    "count": 0,
    "updated": 1530033166
  }
]