[
  {
    "id": "f636b501-124e-468c-a1a1-dbf4cc210d25",
    "data": [
      {
        "text": "Can I bring my ",
        "userDefined": false
      },
      {
        "text": "dog",
        "alias": "Pets",
        "meta": "@Pets",
        "userDefined": true
      }
    ],
    "isTemplate": false,
    "count": 2,
    "updated": 0
  },
  {
    "id": "9dea705d-fc5e-4c6d-b8ea-ddd51b09ca0e",
    "data": [
      {
        "text": "can I bring my ",
        "userDefined": false
      },
      {
        "text": "pet",
        "alias": "Pets",
        "meta": "@Pets",
        "userDefined": true
      },
      {
        "text": "?",
        "userDefined": false
      }
    ],
    "isTemplate": false,
    "count": 4,
    "updated": 1530036810
  },
  {
    "id": "c9afc94b-53bf-44c2-acfe-3a3414c71772",
    "data": [
      {
        "text": "are ",
        "userDefined": false
      },
      {
        "text": "pets",
        "alias": "Pets",
        "meta": "@Pets",
        "userDefined": false
      },
      {
        "text": " allowed",
        "userDefined": false
      }
    ],
    "isTemplate": false,
    "count": 1,
    "updated": 0
  },
  {
    "id": "ac6c6b31-2932-42a0-890f-4d162984a835",
    "data": [
      {
        "text": "are ",
        "userDefined": false
      },
      {
        "text": "cats",
        "alias": "Pets",
        "meta": "@Pets",
        "userDefined": false
      },
      {
        "text": " allowed",
        "userDefined": false
      }
    ],
    "isTemplate": false,
    "count": 4,
    "updated": 1530036810
  },
  {
    "id": "badde09d-98a3-4bbd-9706-21dff489bc3b",
    "data": [
      {
        "text": "are ",
        "userDefined": false
      },
      {
        "text": "dogs",
        "alias": "Pets",
        "meta": "@Pets",
        "userDefined": true
      },
      {
        "text": " allowed?",
        "userDefined": false
      }
    ],
    "isTemplate": false,
    "count": 4,
    "updated": 1530036810
  },
  {
    "id": "5d0bbcca-f6a0-46b5-b4c8-e23bf66679ca",
    "data": [
      {
        "text": "are ",
        "userDefined": false
      },
      {
        "text": "birds",
        "alias": "Pets",
        "meta": "@Pets",
        "userDefined": false
      },
      {
        "text": " allowed",
        "userDefined": false
      }
    ],
    "isTemplate": false,
    "count": 1,
    "updated": 0
  },
  {
    "id": "f6480a50-337c-44f9-97bd-b426da4c0ce8",
    "data": [
      {
        "text": "can i bring my ",
        "userDefined": false
      },
      {
        "text": "dog",
        "alias": "Pets",
        "meta": "@Pets",
        "userDefined": true
      }
    ],
    "isTemplate": false,
    "count": 0,
    "updated": 0
  }
]