[
  {
    "id": "b74dfd68-ef10-4f88-ab1d-1de22134eab8",
    "data": [
      {
        "text": "are there rules about animals in the apartment",
        "userDefined": false
      }
    ],
    "isTemplate": false,
    "count": 1,
    "updated": 1535740917
  },
  {
    "id": "1d35c84e-ccce-4284-a7f6-26092bc5ec57",
    "data": [
      {
        "text": "can i have a fish tank?",
        "userDefined": false
      }
    ],
    "isTemplate": false,
    "count": 0,
    "updated": 1535740917
  },
  {
    "id": "e07fc2a6-fef2-423b-b225-4bb1fa6f56da",
    "data": [
      {
        "text": "what if i have a parakeet",
        "userDefined": false
      }
    ],
    "isTemplate": false,
    "count": 0,
    "updated": 0
  },
  {
    "id": "6b37b03e-17f3-4ad3-9837-9ba23fac7610",
    "data": [
      {
        "text": "i can bring my service snake right?",
        "userDefined": false
      }
    ],
    "isTemplate": false,
    "count": 0,
    "updated": 0
  },
  {
    "id": "853c3270-0640-43da-bf3b-e85d1a0c8e3f",
    "data": [
      {
        "text": "are there pets",
        "userDefined": false
      }
    ],
    "isTemplate": false,
    "count": 0,
    "updated": 0
  },
  {
    "id": "60c3b2a6-eebf-4b12-8485-a4c60c399665",
    "data": [
      {
        "text": "cats?",
        "userDefined": false
      }
    ],
    "isTemplate": false,
    "count": 0,
    "updated": 1535740917
  },
  {
    "id": "e28636f2-9a88-4ca3-89b8-f6cee9711e91",
    "data": [
      {
        "text": "what kind of pets are allowed",
        "userDefined": false
      }
    ],
    "isTemplate": false,
    "count": 0,
    "updated": 1534278738
  },
  {
    "id": "68718047-905f-40f4-ba8b-1744ad6c3902",
    "data": [
      {
        "text": "can i bring my cat",
        "userDefined": false
      }
    ],
    "isTemplate": false,
    "count": 0,
    "updated": 1534267317
  },
  {
    "id": "c81deea9-3312-4f0f-a783-172ffd043864",
    "data": [
      {
        "text": "can i bring my dog",
        "userDefined": false
      }
    ],
    "isTemplate": false,
    "count": 0,
    "updated": 1534267317
  },
  {
    "id": "c1230cd7-1556-4193-99dc-1b5de31f0953",
    "data": [
      {
        "text": "Can i bring my pet",
        "userDefined": false
      }
    ],
    "isTemplate": false,
    "count": 0,
    "updated": 1534267317
  },
  {
    "id": "fdb7a7ca-6d17-4f66-9a1c-aac3211fb18c",
    "data": [
      {
        "text": "Are dogs allowed?",
        "userDefined": false
      }
    ],
    "isTemplate": false,
    "count": 0,
    "updated": 1534267317
  },
  {
    "id": "53858e91-d7f8-492a-9cf1-e1c677d7d67e",
    "data": [
      {
        "text": "Are fish allowed?",
        "userDefined": false
      }
    ],
    "isTemplate": false,
    "count": 0,
    "updated": 1534267317
  },
  {
    "id": "30812378-0408-41fd-ba79-72d3a532a223",
    "data": [
      {
        "text": "Can I bring my animal into the ",
        "userDefined": false
      },
      {
        "text": "apartment",
        "meta": "@sys.ignore",
        "userDefined": false
      },
      {
        "text": "?",
        "userDefined": false
      }
    ],
    "isTemplate": false,
    "count": 0,
    "updated": 1534266821
  },
  {
    "id": "7fdcbce2-cda2-4de6-a9f7-22d378ca2fbe",
    "data": [
      {
        "text": "Are cats allowed in the ",
        "userDefined": false
      },
      {
        "text": "apartment",
        "meta": "@sys.ignore",
        "userDefined": false
      },
      {
        "text": "?",
        "userDefined": false
      }
    ],
    "isTemplate": false,
    "count": 0,
    "updated": 1534266821
  },
  {
    "id": "39a9332c-311e-4cad-8144-1d3ef1fbb9c5",
    "data": [
      {
        "text": "Are dogs allowed in my ",
        "userDefined": false
      },
      {
        "text": "apartment",
        "meta": "@sys.ignore",
        "userDefined": false
      },
      {
        "text": "?",
        "userDefined": false
      }
    ],
    "isTemplate": false,
    "count": 0,
    "updated": 1534265530
  },
  {
    "id": "5a87d9d9-0983-4d8e-a026-7cda9bccff1d",
    "data": [
      {
        "text": "Are pets allowed in your ",
        "userDefined": false
      },
      {
        "text": "apartments",
        "meta": "@sys.ignore",
        "userDefined": false
      },
      {
        "text": "?",
        "userDefined": false
      }
    ],
    "isTemplate": false,
    "count": 0,
    "updated": 1534265530
  }
]