[
  {
    "id": "d4475b45-456c-498b-acf4-4ba1b0ae7041",
    "data": [
      {
        "text": "do i need to bring anything?",
        "userDefined": false
      }
    ],
    "isTemplate": false,
    "count": 0,
    "updated": 1536090504
  },
  {
    "id": "647a34de-0fbb-4fd9-9fa9-20caf1409dcc",
    "data": [
      {
        "text": "do i need to bring towels for the shower",
        "userDefined": false
      }
    ],
    "isTemplate": false,
    "count": 0,
    "updated": 1536090504
  },
  {
    "id": "ccc785a8-10e8-4a7b-91d4-032752573890",
    "data": [
      {
        "text": "so i dont need to bring towels or anything?",
        "userDefined": false
      }
    ],
    "isTemplate": false,
    "count": 0,
    "updated": 1536090504
  },
  {
    "id": "74142e7f-9ea1-4e17-9b6f-b36284411dce",
    "data": [
      {
        "text": "do we need to bring own blanket",
        "userDefined": false
      }
    ],
    "isTemplate": false,
    "count": 0,
    "updated": 1536090504
  },
  {
    "id": "1238c632-a44e-4a82-96b6-6af9b2418764",
    "data": [
      {
        "text": "can i get different bedsheets?",
        "userDefined": false
      }
    ],
    "isTemplate": false,
    "count": 0,
    "updated": 1535753861
  },
  {
    "id": "f2512eb2-6649-4d28-837b-a408cb36256e",
    "data": [
      {
        "text": "can i get more towels?",
        "userDefined": false
      }
    ],
    "isTemplate": false,
    "count": 0,
    "updated": 1535753861
  },
  {
    "id": "4b91bfe7-6f9c-428e-a8cc-e7092633f144",
    "data": [
      {
        "text": "are there linens included",
        "userDefined": false
      }
    ],
    "isTemplate": false,
    "count": 0,
    "updated": 1535753861
  },
  {
    "id": "1be9682b-8efa-49d3-8c8d-e362567fca26",
    "data": [
      {
        "text": "are there pool towels in the apartment?",
        "userDefined": false
      }
    ],
    "isTemplate": false,
    "count": 0,
    "updated": 1535753861
  },
  {
    "id": "b4620215-61d0-4207-890b-0a75404ec7ae",
    "data": [
      {
        "text": "do i need to bring towels or bedsheets",
        "userDefined": false
      }
    ],
    "isTemplate": false,
    "count": 0,
    "updated": 1535753861
  },
  {
    "id": "4113fd4d-2714-42be-80fe-2e04adc2ce65",
    "data": [
      {
        "text": "do i need to bring my own linens",
        "userDefined": false
      }
    ],
    "isTemplate": false,
    "count": 0,
    "updated": 1535753861
  },
  {
    "id": "1355db8a-1465-4f50-aab8-59b3e99310a3",
    "data": [
      {
        "text": "does my apartment have towels",
        "userDefined": false
      }
    ],
    "isTemplate": false,
    "count": 0,
    "updated": 1535753861
  }
]