[
  {
    "id": "ce053e17-3dd6-47d4-a081-1d997bfe9c84",
    "data": [
      {
        "text": "are there things to do within walking distance of ",
        "userDefined": false
      },
      {
        "text": "oakwood redwood city",
        "meta": "@sys.ignore",
        "userDefined": false
      }
    ],
    "isTemplate": false,
    "count": 0,
    "updated": 1536190400
  },
  {
    "id": "e21ac03c-ca43-4ce5-aa68-a5d4b06f99c2",
    "data": [
      {
        "text": "are there tourist attractions nearby the olympic and ",
        "userDefined": false
      },
      {
        "text": "olive",
        "meta": "@sys.ignore",
        "userDefined": false
      },
      {
        "text": " location",
        "userDefined": false
      }
    ],
    "isTemplate": false,
    "count": 0,
    "updated": 1536190400
  },
  {
    "id": "4aadd268-429a-480c-8391-8e8238307e95",
    "data": [
      {
        "text": "can i stay here for a vacation",
        "userDefined": false
      }
    ],
    "isTemplate": false,
    "count": 0,
    "updated": 1536190400
  },
  {
    "id": "eab77a7a-04a6-4d7a-a296-f93b81d96097",
    "data": [
      {
        "text": "can i stay at oakwood for a vacation",
        "userDefined": false
      }
    ],
    "isTemplate": false,
    "count": 0,
    "updated": 1536190400
  },
  {
    "id": "ad6b55d6-9e8d-42be-99bc-8de5d4c1bac9",
    "data": [
      {
        "text": "Are your apartments good for tourists?",
        "userDefined": false
      }
    ],
    "isTemplate": false,
    "count": 0,
    "updated": 1536190400
  },
  {
    "id": "44246c81-9b62-4c02-990f-5b6373973981",
    "data": [
      {
        "text": "Would you consider this a good location for us to be based in to see the city and surrounding area?",
        "userDefined": false
      }
    ],
    "isTemplate": false,
    "count": 0,
    "updated": 1536190400
  }
]