[
  {
    "id": "17e121d0-b781-4234-a380-2080bd0b208a",
    "data": [
      {
        "text": "is there any availability at ",
        "userDefined": false
      },
      {
        "text": "least",
        "meta": "@sys.ignore",
        "userDefined": false
      }
    ],
    "isTemplate": false,
    "count": 1,
    "updated": 0
  },
  {
    "id": "a3885933-6fc5-4d48-b8c9-6342e95fb592",
    "data": [
      {
        "text": "I\u0027m trying to find accommodations for him. Our office is located at ",
        "userDefined": false
      },
      {
        "text": "77 Geary Street",
        "alias": "query",
        "meta": "@sys.any",
        "userDefined": false
      },
      {
        "text": " in San Fran. Do you have any availability close to that? A ",
        "userDefined": false
      },
      {
        "text": "one bedroom",
        "alias": "types",
        "meta": "@types",
        "userDefined": false
      },
      {
        "text": " or studio would work.",
        "userDefined": false
      }
    ],
    "isTemplate": false,
    "count": 1,
    "updated": 0
  },
  {
    "id": "2c191748-ecb7-4466-a705-e3d42db37df1",
    "data": [
      {
        "text": "what is your availability",
        "userDefined": false
      }
    ],
    "isTemplate": false,
    "count": 2,
    "updated": 0
  },
  {
    "id": "2d1c6771-a7a3-4d59-869a-04336d42c89d",
    "data": [
      {
        "text": "do you have any ",
        "userDefined": false
      },
      {
        "text": "1bdr",
        "alias": "types",
        "meta": "@types",
        "userDefined": false
      },
      {
        "text": " available starting ",
        "userDefined": false
      },
      {
        "text": "Feb 3",
        "alias": "in-date",
        "meta": "@sys.date",
        "userDefined": false
      },
      {
        "text": " that are close to ",
        "userDefined": false
      },
      {
        "text": "Stanford U",
        "alias": "query",
        "meta": "@sys.any",
        "userDefined": true
      },
      {
        "text": "?",
        "userDefined": false
      }
    ],
    "isTemplate": false,
    "count": 1,
    "updated": 0
  },
  {
    "id": "57539275-29e3-4be9-b3a9-ffd1aee59e1e",
    "data": [
      {
        "text": "RN on travel assignment for ",
        "userDefined": false
      },
      {
        "text": "13 weeks",
        "alias": "duration",
        "meta": "@sys.duration",
        "userDefined": false
      },
      {
        "text": ", needed ",
        "userDefined": false
      },
      {
        "text": "1 bdr",
        "alias": "types",
        "meta": "@types",
        "userDefined": false
      },
      {
        "text": ", furnished, on tight budget. Close to ",
        "userDefined": false
      },
      {
        "text": "Turlock",
        "alias": "query",
        "meta": "@sys.any",
        "userDefined": true
      },
      {
        "text": ".",
        "userDefined": false
      }
    ],
    "isTemplate": false,
    "count": 0,
    "updated": 0
  },
  {
    "id": "4d76a9e8-7d7a-4be5-9a2f-5976a0cc462e",
    "data": [
      {
        "text": "Hello this is Gereon from Germany. We are plannning a trip to ",
        "userDefined": false
      },
      {
        "text": "Portland",
        "alias": "query",
        "meta": "@sys.any",
        "userDefined": false
      },
      {
        "text": " with 12 People. From ",
        "userDefined": false
      },
      {
        "text": "08.April 2017",
        "alias": "in-date",
        "meta": "@sys.date",
        "userDefined": false
      },
      {
        "text": " to ",
        "userDefined": false
      },
      {
        "text": "16.April",
        "alias": "out-date",
        "meta": "@sys.date",
        "userDefined": true
      },
      {
        "text": ".",
        "userDefined": false
      }
    ],
    "isTemplate": false,
    "count": 0,
    "updated": 0
  },
  {
    "id": "e15d20da-3e81-4a96-b88a-8a8212194e92",
    "data": [
      {
        "text": "I\u0027m looking for a good spot near ",
        "userDefined": false
      },
      {
        "text": "NYFA",
        "alias": "query",
        "meta": "@sys.any",
        "userDefined": true
      },
      {
        "text": ".",
        "userDefined": false
      }
    ],
    "isTemplate": false,
    "count": 0,
    "updated": 0
  },
  {
    "id": "2988f525-e232-47cf-84bf-470b4c9de3eb",
    "data": [
      {
        "text": "Hi what are the rates for furnished apts and ",
        "userDefined": false
      },
      {
        "text": "what\u0027s is the soonest one may be",
        "meta": "@sys.ignore",
        "userDefined": false
      },
      {
        "text": " available",
        "userDefined": false
      }
    ],
    "isTemplate": false,
    "count": 0,
    "updated": 0
  },
  {
    "id": "126cc692-f572-451d-9fea-5b21a8281d5a",
    "data": [
      {
        "text": "do you have availability for a ",
        "userDefined": false
      },
      {
        "text": "2 bedroom",
        "alias": "types",
        "meta": "@types",
        "userDefined": false
      },
      {
        "text": " in ",
        "userDefined": false
      },
      {
        "text": "sydney",
        "alias": "query",
        "meta": "@sys.any",
        "userDefined": false
      }
    ],
    "isTemplate": false,
    "count": 0,
    "updated": 0
  },
  {
    "id": "40a34001-3773-4ae0-998b-ee86e6a1c06c",
    "data": [
      {
        "text": "Hello, I am looking at ",
        "userDefined": false
      },
      {
        "text": "2 bedroom",
        "alias": "types",
        "meta": "@types",
        "userDefined": false
      },
      {
        "text": " furnished apartments in ",
        "userDefined": false
      },
      {
        "text": "the Pearl District",
        "alias": "query",
        "meta": "@sys.any",
        "userDefined": false
      },
      {
        "text": " for approx. 6 months. I see many that\nhave daily rates, but wanted to find out what the monthly rates would be. Thanks",
        "userDefined": false
      }
    ],
    "isTemplate": false,
    "count": 0,
    "updated": 0
  },
  {
    "id": "e7ebb759-5d3e-4aee-a762-c3ce5373a02c",
    "data": [
      {
        "text": "have a family from ",
        "userDefined": false
      },
      {
        "text": "Poland",
        "meta": "@sys.ignore",
        "userDefined": false
      },
      {
        "text": " coming over for ",
        "userDefined": false
      },
      {
        "text": "3 months",
        "meta": "@sys.ignore",
        "userDefined": false
      },
      {
        "text": ". need a unit for ",
        "userDefined": false
      },
      {
        "text": "2",
        "meta": "@sys.ignore",
        "userDefined": false
      },
      {
        "text": " adults and ",
        "userDefined": false
      },
      {
        "text": "2",
        "meta": "@sys.ignore",
        "userDefined": false
      },
      {
        "text": " children.",
        "userDefined": false
      }
    ],
    "isTemplate": false,
    "count": 0,
    "updated": 0
  },
  {
    "id": "ee913dcc-18ed-4d19-a57b-6f9845dbbfc6",
    "data": [
      {
        "text": "Looking for a furnished short term lease apartment near ",
        "userDefined": false
      },
      {
        "text": "Lucile Packard Children\u0027s Hospital",
        "alias": "query",
        "meta": "@sys.any",
        "userDefined": true
      },
      {
        "text": " on month to month\n lease.",
        "userDefined": false
      }
    ],
    "isTemplate": false,
    "count": 0,
    "updated": 1536096863
  },
  {
    "id": "3da30e65-f0c5-4010-b68a-21616f6f1474",
    "data": [
      {
        "text": "I am moving to ",
        "userDefined": false
      },
      {
        "text": "Los Angeles",
        "alias": "query",
        "meta": "@sys.any",
        "userDefined": true
      },
      {
        "text": " in June. I want a full furnished apartment for 7 months is that possible?",
        "userDefined": false
      }
    ],
    "isTemplate": false,
    "count": 0,
    "updated": 1536096863
  },
  {
    "id": "e0a10400-8207-4b48-aefa-fa539ea56a52",
    "data": [
      {
        "text": "can you help me locate a property or obtain more information?",
        "userDefined": false
      }
    ],
    "isTemplate": false,
    "count": 0,
    "updated": 1536095504
  },
  {
    "id": "fbc93d9f-96ca-4b38-ad3f-26a5cd295283",
    "data": [
      {
        "text": "I am looking for an apartment near ",
        "userDefined": false
      },
      {
        "text": "Stanford Hospital",
        "alias": "query",
        "meta": "@sys.any",
        "userDefined": true
      },
      {
        "text": " for my husband who is possibly having surgery on January\n 23. We are looking for as large a place as possible that allow pets. We have two 6 lb pomeranians. We are\n looking to stay from ",
        "userDefined": false
      },
      {
        "text": "January 22",
        "alias": "in-date",
        "meta": "@sys.date",
        "userDefined": true
      },
      {
        "text": " to ",
        "userDefined": false
      },
      {
        "text": "February 13",
        "alias": "out-date",
        "meta": "@sys.date",
        "userDefined": true
      },
      {
        "text": ", Do you have anything that would be available during that time?",
        "userDefined": false
      }
    ],
    "isTemplate": false,
    "count": 0,
    "updated": 1536093665
  },
  {
    "id": "6ecbe9f4-0be5-4e4a-a40f-a4b57c32e424",
    "data": [
      {
        "text": "we would like to stay in your apartments",
        "userDefined": false
      }
    ],
    "isTemplate": false,
    "count": 0,
    "updated": 1536093665
  },
  {
    "id": "49b58762-1370-4f3b-86a1-e76955ce59b8",
    "data": [
      {
        "text": "i want to ",
        "userDefined": false
      },
      {
        "text": "book",
        "meta": "@sys.ignore",
        "userDefined": false
      },
      {
        "text": " in ",
        "userDefined": false
      },
      {
        "text": "LA",
        "alias": "query",
        "meta": "@sys.any",
        "userDefined": false
      }
    ],
    "isTemplate": false,
    "count": 0,
    "updated": 1536093221
  },
  {
    "id": "fbb2a45f-fa36-4e69-ba7d-2e24648aadb3",
    "data": [
      {
        "text": "What availability do you have for a ",
        "userDefined": false
      },
      {
        "text": "2 bedroom",
        "alias": "types",
        "meta": "@types",
        "userDefined": false
      },
      {
        "text": ", pet friendly apartment in ",
        "userDefined": false
      },
      {
        "text": "central Modesto",
        "alias": "query",
        "meta": "@sys.any",
        "userDefined": true
      },
      {
        "text": " for ",
        "userDefined": false
      },
      {
        "text": "March 1st",
        "alias": "in-date",
        "meta": "@sys.date",
        "userDefined": false
      },
      {
        "text": "?",
        "userDefined": false
      }
    ],
    "isTemplate": false,
    "count": 0,
    "updated": 1536092338
  },
  {
    "id": "7b055243-fa42-4fc2-8493-97abdd73b4cd",
    "data": [
      {
        "text": "looking for a short term lease 13 weeks furnished apartment near ",
        "userDefined": false
      },
      {
        "text": "Burlingame CA",
        "alias": "query",
        "meta": "@sys.any",
        "userDefined": true
      },
      {
        "text": " I will be working in Soar\n Surgery Center.",
        "userDefined": false
      }
    ],
    "isTemplate": false,
    "count": 0,
    "updated": 1536091470
  },
  {
    "id": "64e0b630-592b-4235-b44c-edb0081e8894",
    "data": [
      {
        "text": "Looking for monthly (short term - ",
        "userDefined": false
      },
      {
        "text": "one month",
        "meta": "@sys.ignore",
        "userDefined": false
      },
      {
        "text": " ) rental apartment in ",
        "userDefined": false
      },
      {
        "text": "sunnyvale",
        "alias": "query",
        "meta": "@sys.any",
        "userDefined": false
      },
      {
        "text": " or santaclara or ",
        "userDefined": false
      },
      {
        "text": "san jose",
        "meta": "@sys.ignore",
        "userDefined": false
      },
      {
        "text": " ",
        "userDefined": false
      },
      {
        "text": "CA",
        "meta": "@sys.ignore",
        "userDefined": false
      },
      {
        "text": ".",
        "userDefined": false
      }
    ],
    "isTemplate": false,
    "count": 0,
    "updated": 1536091470
  },
  {
    "id": "23f7abd2-ac27-434d-8968-1a9d10f0b090",
    "data": [
      {
        "text": "Do you have monthly rates? Any availability for a ",
        "userDefined": false
      },
      {
        "text": "one bedroom",
        "alias": "types",
        "meta": "@types",
        "userDefined": false
      },
      {
        "text": " on ",
        "userDefined": false
      },
      {
        "text": "Feb 1",
        "alias": "in-date",
        "meta": "@sys.date",
        "userDefined": false
      },
      {
        "text": "?",
        "userDefined": false
      }
    ],
    "isTemplate": false,
    "count": 0,
    "updated": 1536087307
  },
  {
    "id": "65e70975-fbb8-48f5-9154-c878e71f81c4",
    "data": [
      {
        "text": "do you have any ",
        "userDefined": false
      },
      {
        "text": "1 bedroom",
        "alias": "types",
        "meta": "@types",
        "userDefined": false
      },
      {
        "text": " units available in ",
        "userDefined": false
      },
      {
        "text": "Mountain View",
        "alias": "query",
        "meta": "@sys.any",
        "userDefined": false
      }
    ],
    "isTemplate": false,
    "count": 0,
    "updated": 1536087307
  },
  {
    "id": "707b9a9f-028d-4405-b821-8d1f85d8dc7e",
    "data": [
      {
        "text": "i am looking for a short term rental in ",
        "userDefined": false
      },
      {
        "text": "San Francisco County",
        "alias": "query",
        "meta": "@sys.any",
        "userDefined": false
      },
      {
        "text": " from ",
        "userDefined": false
      },
      {
        "text": "July 1",
        "alias": "in-date",
        "meta": "@sys.date",
        "userDefined": false
      },
      {
        "text": " to ",
        "userDefined": false
      },
      {
        "text": "July 31",
        "alias": "out-date",
        "meta": "@sys.date",
        "userDefined": true
      }
    ],
    "isTemplate": false,
    "count": 0,
    "updated": 1536087307
  },
  {
    "id": "14f00256-863f-4933-978b-17dda530e639",
    "data": [
      {
        "text": "I want to reserve a unit in ",
        "userDefined": false
      },
      {
        "text": "1420 ambassador street",
        "alias": "query",
        "meta": "@sys.any",
        "userDefined": false
      },
      {
        "text": ", but i see the calender is not available up to 1 year",
        "userDefined": false
      }
    ],
    "isTemplate": false,
    "count": 1,
    "updated": 0
  },
  {
    "id": "f8e2d6b0-fa31-417f-88d6-8f60fe5ed270",
    "data": [
      {
        "text": "do you have any apartments near ",
        "userDefined": false
      },
      {
        "text": "manhattan beach",
        "alias": "query",
        "meta": "@sys.any",
        "userDefined": false
      }
    ],
    "isTemplate": false,
    "count": 1,
    "updated": 0
  },
  {
    "id": "bd19001a-80fc-4627-82e7-861626b896e4",
    "data": [
      {
        "text": "do you have apartments in ",
        "userDefined": false
      },
      {
        "text": "downtown los angeles",
        "alias": "query",
        "meta": "@sys.any",
        "userDefined": false
      }
    ],
    "isTemplate": false,
    "count": 0,
    "updated": 1536087307
  },
  {
    "id": "af421016-81e8-4390-b74d-0906da45227d",
    "data": [
      {
        "text": "i am looking for a ",
        "userDefined": false
      },
      {
        "text": "studio",
        "alias": "types",
        "meta": "@types",
        "userDefined": false
      },
      {
        "text": " in ",
        "userDefined": false
      },
      {
        "text": "nyc",
        "alias": "geo-city",
        "meta": "@sys.geo-city",
        "userDefined": false
      },
      {
        "text": " starting mid ",
        "userDefined": false
      },
      {
        "text": "february",
        "alias": "date-period",
        "meta": "@sys.date-period",
        "userDefined": false
      }
    ],
    "isTemplate": false,
    "count": 1,
    "updated": 0
  },
  {
    "id": "cfdec616-22f2-4983-8532-d16f41e775a6",
    "data": [
      {
        "text": "what do you have available in ",
        "userDefined": false
      },
      {
        "text": "san francisco",
        "alias": "geo-city",
        "meta": "@sys.geo-city",
        "userDefined": false
      },
      {
        "text": " ",
        "userDefined": false
      },
      {
        "text": "in december",
        "alias": "date-period",
        "meta": "@sys.date-period",
        "userDefined": false
      }
    ],
    "isTemplate": false,
    "count": 0,
    "updated": 0
  },
  {
    "id": "b849564a-0465-413e-88a0-fa82656c9645",
    "data": [
      {
        "text": "what do you have ",
        "userDefined": false
      },
      {
        "text": "studio",
        "alias": "types",
        "meta": "@types",
        "userDefined": false
      },
      {
        "text": " wise in ",
        "userDefined": false
      },
      {
        "text": "new york",
        "alias": "geo-city",
        "meta": "@sys.geo-city",
        "userDefined": false
      }
    ],
    "isTemplate": false,
    "count": 0,
    "updated": 0
  },
  {
    "id": "68c3cf14-d625-46e1-9c55-ee304f67ee97",
    "data": [
      {
        "text": "do you have availability information for ",
        "userDefined": false
      },
      {
        "text": "olympic and olive",
        "alias": "query",
        "meta": "@sys.any",
        "userDefined": true
      }
    ],
    "isTemplate": false,
    "count": 0,
    "updated": 1535750101
  },
  {
    "id": "ced93d25-386e-4b0c-90a4-df1fb77f5ae3",
    "data": [
      {
        "text": "I am looking for a ",
        "userDefined": false
      },
      {
        "text": "1 bedroom",
        "alias": "types",
        "meta": "@types",
        "userDefined": false
      },
      {
        "text": " apartment starting mid ",
        "userDefined": false
      },
      {
        "text": "february",
        "alias": "date-period",
        "meta": "@sys.date-period",
        "userDefined": false
      }
    ],
    "isTemplate": false,
    "count": 0,
    "updated": 1535747964
  },
  {
    "id": "3ce165ad-2180-466c-bb45-1b09a94d3e92",
    "data": [
      {
        "text": "Where can i book for ",
        "userDefined": false
      },
      {
        "text": "one bedroom",
        "alias": "types",
        "meta": "@types",
        "userDefined": false
      },
      {
        "text": " apartment for a couple from ",
        "userDefined": false
      },
      {
        "text": "August the 1",
        "alias": "in-date",
        "meta": "@sys.date",
        "userDefined": false
      },
      {
        "text": "rst to ",
        "userDefined": false
      },
      {
        "text": "august the 31",
        "alias": "out-date",
        "meta": "@sys.date",
        "userDefined": true
      },
      {
        "text": "rst ",
        "userDefined": false
      },
      {
        "text": "20017",
        "meta": "@sys.ignore",
        "userDefined": false
      },
      {
        "text": "? Thanks",
        "userDefined": false
      }
    ],
    "isTemplate": false,
    "count": 0,
    "updated": 1535747964
  },
  {
    "id": "b1c9271d-1521-4f41-8393-b282745027ce",
    "data": [
      {
        "text": "i would like a ",
        "userDefined": false
      },
      {
        "text": "two bedroom",
        "alias": "types",
        "meta": "@types",
        "userDefined": false
      },
      {
        "text": " in ",
        "userDefined": false
      },
      {
        "text": "warszawa",
        "alias": "query",
        "meta": "@sys.any",
        "userDefined": true
      },
      {
        "text": " please",
        "userDefined": false
      }
    ],
    "isTemplate": false,
    "count": 0,
    "updated": 1535750101
  },
  {
    "id": "83906f09-0ac6-49a2-865b-d565775298a6",
    "data": [
      {
        "text": "Hi! I was just wondering if you had a ",
        "userDefined": false
      },
      {
        "text": "studio",
        "alias": "types",
        "meta": "@types",
        "userDefined": false
      },
      {
        "text": " or ",
        "userDefined": false
      },
      {
        "text": "one bedroom",
        "meta": "@sys.ignore",
        "userDefined": false
      },
      {
        "text": " furnished apartment at the ",
        "userDefined": false
      },
      {
        "text": "Toluca Hills",
        "alias": "query",
        "meta": "@sys.any",
        "userDefined": true
      },
      {
        "text": " Locations!",
        "userDefined": false
      }
    ],
    "isTemplate": false,
    "count": 0,
    "updated": 1535750101
  },
  {
    "id": "b2b239af-e1df-4da0-a162-9ee05114459f",
    "data": [
      {
        "text": "i need someplace in ",
        "userDefined": false
      },
      {
        "text": "krakow",
        "alias": "query",
        "meta": "@sys.any",
        "userDefined": true
      },
      {
        "text": " ",
        "userDefined": false
      },
      {
        "text": "in april",
        "alias": "date-period",
        "meta": "@sys.date-period",
        "userDefined": false
      }
    ],
    "isTemplate": false,
    "count": 0,
    "updated": 1535750101
  },
  {
    "id": "67dbd2a3-aa03-4ae6-97a4-99e8de486dba",
    "data": [
      {
        "text": "are there ",
        "userDefined": false
      },
      {
        "text": "two bedrooms",
        "alias": "types",
        "meta": "@types",
        "userDefined": false
      },
      {
        "text": " in ",
        "userDefined": false
      },
      {
        "text": "japan",
        "alias": "query",
        "meta": "@sys.any",
        "userDefined": false
      },
      {
        "text": " available",
        "userDefined": false
      }
    ],
    "isTemplate": false,
    "count": 0,
    "updated": 1535750101
  },
  {
    "id": "0ef910f1-2903-4461-aa34-c257ff1c7df1",
    "data": [
      {
        "text": "what ",
        "userDefined": false
      },
      {
        "text": "studios",
        "alias": "types",
        "meta": "@types",
        "userDefined": false
      },
      {
        "text": " are available in ",
        "userDefined": false
      },
      {
        "text": "singapore",
        "alias": "query",
        "meta": "@sys.any",
        "userDefined": false
      },
      {
        "text": " ",
        "userDefined": false
      },
      {
        "text": "next december",
        "alias": "date-period",
        "meta": "@sys.date-period",
        "userDefined": false
      }
    ],
    "isTemplate": false,
    "count": 0,
    "updated": 1535750101
  },
  {
    "id": "1c0e7df6-a7f8-44b6-bd34-dd34ae90446c",
    "data": [
      {
        "text": "i want to book a ",
        "userDefined": false
      },
      {
        "text": "studio",
        "alias": "types",
        "meta": "@types",
        "userDefined": false
      },
      {
        "text": " in ",
        "userDefined": false
      },
      {
        "text": "nyc",
        "alias": "query",
        "meta": "@sys.any",
        "userDefined": false
      }
    ],
    "isTemplate": false,
    "count": 0,
    "updated": 1535750101
  },
  {
    "id": "82402121-1708-48f0-aaf3-8229ba30830d",
    "data": [
      {
        "text": "are there any ",
        "userDefined": false
      },
      {
        "text": "2 bedrooms",
        "alias": "types",
        "meta": "@types",
        "userDefined": false
      },
      {
        "text": " in ",
        "userDefined": false
      },
      {
        "text": "redwood city",
        "alias": "query",
        "meta": "@sys.any",
        "userDefined": false
      },
      {
        "text": " ",
        "userDefined": false
      },
      {
        "text": "from july thru december",
        "alias": "date-period",
        "meta": "@sys.date-period",
        "userDefined": false
      }
    ],
    "isTemplate": false,
    "count": 0,
    "updated": 1535750101
  },
  {
    "id": "3266a8c8-c3ef-465e-8882-37f1b72d1264",
    "data": [
      {
        "text": "what is your availability in ",
        "userDefined": false
      },
      {
        "text": "silicon valley",
        "alias": "query",
        "meta": "@sys.any",
        "userDefined": true
      },
      {
        "text": " from ",
        "userDefined": false
      },
      {
        "text": "feb 1",
        "alias": "in-date",
        "meta": "@sys.date",
        "userDefined": false
      },
      {
        "text": " to ",
        "userDefined": false
      },
      {
        "text": "march 31",
        "alias": "out-date",
        "meta": "@sys.date",
        "userDefined": true
      }
    ],
    "isTemplate": false,
    "count": 0,
    "updated": 1535750101
  },
  {
    "id": "9714a653-6f1a-47d9-970f-209ef38cbbad",
    "data": [
      {
        "text": "what do you have in ",
        "userDefined": false
      },
      {
        "text": "downtown San Jose",
        "alias": "query",
        "meta": "@sys.any",
        "userDefined": false
      },
      {
        "text": " ",
        "userDefined": false
      },
      {
        "text": "jan 15",
        "alias": "in-date",
        "meta": "@sys.date",
        "userDefined": false
      }
    ],
    "isTemplate": false,
    "count": 0,
    "updated": 1535750101
  },
  {
    "id": "a2ce06ec-be31-4fdb-86a4-53dd04faddce",
    "data": [
      {
        "text": "what do you have in ",
        "userDefined": false
      },
      {
        "text": "sunnyvale",
        "alias": "query",
        "meta": "@sys.any",
        "userDefined": true
      },
      {
        "text": " starting ",
        "userDefined": false
      },
      {
        "text": "november 1",
        "alias": "in-date",
        "meta": "@sys.date",
        "userDefined": false
      }
    ],
    "isTemplate": false,
    "count": 0,
    "updated": 1535750101
  },
  {
    "id": "2a2c5394-d78d-4a9f-858e-8c58b8d737db",
    "data": [
      {
        "text": "what do you have in ",
        "userDefined": false
      },
      {
        "text": "mountain view",
        "alias": "query",
        "meta": "@sys.any",
        "userDefined": false
      }
    ],
    "isTemplate": false,
    "count": 0,
    "updated": 1535750101
  }
]