[
  {
    "id": "3376e4b2-38b7-4588-ac96-42980fc694dc",
    "data": [
      {
        "text": "do you have availability",
        "userDefined": false
      }
    ],
    "isTemplate": false,
    "count": 0,
    "updated": 0
  },
  {
    "id": "d7604b88-78b0-4d53-8de2-c1cb14d1a253",
    "data": [
      {
        "text": "do you have any available",
        "userDefined": false
      }
    ],
    "isTemplate": false,
    "count": 0,
    "updated": 0
  },
  {
    "id": "917ec463-5970-4573-bf23-f6bea997ff82",
    "data": [
      {
        "text": "do you have properties for lease there though",
        "userDefined": false
      }
    ],
    "isTemplate": false,
    "count": 0,
    "updated": 1536255199
  },
  {
    "id": "917e9f81-96dd-43be-8360-cc3e96810159",
    "data": [
      {
        "text": "are there any vacancies there",
        "userDefined": false
      }
    ],
    "isTemplate": false,
    "count": 0,
    "updated": 1536255199
  },
  {
    "id": "305a578d-d78a-4ab3-a176-b763190a3181",
    "data": [
      {
        "text": "well can you tell me the availability then",
        "userDefined": false
      }
    ],
    "isTemplate": false,
    "count": 0,
    "updated": 1536255199
  },
  {
    "id": "4cb33808-40ea-4f44-9251-765ca4c9442b",
    "data": [
      {
        "text": "is there any availability at least",
        "userDefined": false
      }
    ],
    "isTemplate": false,
    "count": 0,
    "updated": 1536255199
  }
]