[
  {
    "id": "6ed174cf-22fa-4151-b4d2-958b038f0616",
    "data": [
      {
        "text": "I would like to know more about your process with accommodations for short and long term stays.",
        "userDefined": false
      }
    ],
    "isTemplate": false,
    "count": 0,
    "updated": 1536182063
  },
  {
    "id": "aeeed66a-cb2a-4bca-8f27-21a7e0c14993",
    "data": [
      {
        "text": "is there anywhere without a minimum stay",
        "userDefined": false
      }
    ],
    "isTemplate": false,
    "count": 0,
    "updated": 1535738104
  },
  {
    "id": "7cbcc5f5-64af-4784-90ff-eea4a02646b5",
    "data": [
      {
        "text": "is there anywhere without a minum stay",
        "userDefined": false
      }
    ],
    "isTemplate": false,
    "count": 0,
    "updated": 1535738104
  },
  {
    "id": "31d98408-e38c-4921-8f2a-f7b8080c8c2f",
    "data": [
      {
        "text": "is it possible to book for just a few nights",
        "userDefined": false
      }
    ],
    "isTemplate": false,
    "count": 0,
    "updated": 1535738104
  },
  {
    "id": "0da295b1-b2d7-44d2-b5a6-afa1a4afc55d",
    "data": [
      {
        "text": "can i stay short term",
        "userDefined": false
      }
    ],
    "isTemplate": false,
    "count": 0,
    "updated": 1535738104
  },
  {
    "id": "8c87819a-2092-4668-afd1-fdab5e360186",
    "data": [
      {
        "text": "what is the minimum amount of nights",
        "userDefined": false
      }
    ],
    "isTemplate": false,
    "count": 0,
    "updated": 1535738104
  },
  {
    "id": "1bb06acd-d1b9-49ac-831b-f7359428edd0",
    "data": [
      {
        "text": "what is the minimum stay",
        "userDefined": false
      }
    ],
    "isTemplate": false,
    "count": 0,
    "updated": 1535738104
  },
  {
    "id": "e178a823-8056-4b48-9ed7-02779e01d0cd",
    "data": [
      {
        "text": "can i book for a short period of time?",
        "userDefined": false
      }
    ],
    "isTemplate": false,
    "count": 0,
    "updated": 1534283773
  },
  {
    "id": "1ae377fe-4f20-4ff9-8f0d-cc4578872b13",
    "data": [
      {
        "text": "can i stay with oakwood for less than ",
        "userDefined": false
      },
      {
        "text": "a month",
        "meta": "@sys.ignore",
        "userDefined": false
      },
      {
        "text": "?",
        "userDefined": false
      }
    ],
    "isTemplate": false,
    "count": 0,
    "updated": 1534283773
  },
  {
    "id": "075f62e9-b613-4923-aee6-f27253ef7099",
    "data": [
      {
        "text": "can i book an apartment for ",
        "userDefined": false
      },
      {
        "text": "2 weeks",
        "meta": "@sys.ignore",
        "userDefined": false
      },
      {
        "text": "?",
        "userDefined": false
      }
    ],
    "isTemplate": false,
    "count": 0,
    "updated": 1534283773
  },
  {
    "id": "0782ac83-c137-4c72-b06b-2fd59409d942",
    "data": [
      {
        "text": "can i stay shorter than ",
        "userDefined": false
      },
      {
        "text": "30",
        "alias": "number",
        "meta": "@sys.number",
        "userDefined": false
      },
      {
        "text": " days?",
        "userDefined": false
      }
    ],
    "isTemplate": false,
    "count": 0,
    "updated": 1534283773
  },
  {
    "id": "f1e60fe6-3e9f-40a7-a77b-be6c101bbbac",
    "data": [
      {
        "text": "do i have to stay ",
        "userDefined": false
      },
      {
        "text": "a whole month",
        "alias": "date-period",
        "meta": "@sys.date-period",
        "userDefined": false
      },
      {
        "text": "?",
        "userDefined": false
      }
    ],
    "isTemplate": false,
    "count": 0,
    "updated": 1534283773
  },
  {
    "id": "8dd16823-fed2-4911-8840-458223c9c8de",
    "data": [
      {
        "text": "Can I ",
        "userDefined": false
      },
      {
        "text": "book",
        "meta": "@sys.ignore",
        "userDefined": false
      },
      {
        "text": " a serviced ",
        "userDefined": false
      },
      {
        "text": "apartment",
        "meta": "@sys.ignore",
        "userDefined": false
      },
      {
        "text": " for a short term stay?",
        "userDefined": false
      }
    ],
    "isTemplate": false,
    "count": 0,
    "updated": 1534265607
  },
  {
    "id": "73023c16-4b93-4ce3-a7ef-18ce97c99a35",
    "data": [
      {
        "text": "I will be working on a project and will need accommodations for ",
        "userDefined": false
      },
      {
        "text": "4",
        "meta": "@sys.ignore",
        "userDefined": false
      },
      {
        "text": " consecutive weeknights. Can I ",
        "userDefined": false
      },
      {
        "text": "book",
        "meta": "@sys.ignore",
        "userDefined": false
      },
      {
        "text": " a serviced ",
        "userDefined": false
      },
      {
        "text": "apartment",
        "meta": "@sys.ignore",
        "userDefined": false
      },
      {
        "text": " for a short term stay?",
        "userDefined": false
      }
    ],
    "isTemplate": false,
    "count": 0,
    "updated": 1534265607
  }
]