[
  {
    "id": "d68f45f8-ebda-4063-b146-c6d44f460095",
    "data": [
      {
        "text": "can i get a pull out couch",
        "userDefined": false
      }
    ],
    "isTemplate": false,
    "count": 0,
    "updated": 1536187426
  },
  {
    "id": "757578f4-698c-482d-8de8-07e9821dcfec",
    "data": [
      {
        "text": "can i customize the furniture",
        "userDefined": false
      }
    ],
    "isTemplate": false,
    "count": 0,
    "updated": 1536187426
  },
  {
    "id": "54e466ef-434d-4040-977f-a065830730ef",
    "data": [
      {
        "text": "will my room be ",
        "userDefined": false
      },
      {
        "text": "ADA",
        "meta": "@sys.ignore",
        "userDefined": false
      },
      {
        "text": " compliant",
        "userDefined": false
      }
    ],
    "isTemplate": false,
    "count": 0,
    "updated": 1536187426
  },
  {
    "id": "408aeefe-d1d4-46e8-849f-d6a78f5d54f3",
    "data": [
      {
        "text": "i need my room to be wheelchair accessible",
        "userDefined": false
      }
    ],
    "isTemplate": false,
    "count": 0,
    "updated": 1536187426
  },
  {
    "id": "ee4d923c-600f-4d88-af60-c85bbbacee7b",
    "data": [
      {
        "text": "can i request an extra bed",
        "userDefined": false
      }
    ],
    "isTemplate": false,
    "count": 0,
    "updated": 1536187426
  },
  {
    "id": "48aadcb7-6e7e-4700-97a0-f350f1f78860",
    "data": [
      {
        "text": "will it have enough beds",
        "userDefined": false
      }
    ],
    "isTemplate": false,
    "count": 0,
    "updated": 0
  }
]