[
  {
    "id": "4c9ed6ff-a089-490c-a81b-c68a57f76190",
    "data": [
      {
        "text": "can i book online",
        "userDefined": false
      }
    ],
    "isTemplate": false,
    "count": 0,
    "updated": 1534528111
  },
  {
    "id": "bb027588-0749-44cc-b4fc-1fdc9a655468",
    "data": [
      {
        "text": "what is your website",
        "userDefined": false
      }
    ],
    "isTemplate": false,
    "count": 0,
    "updated": 0
  },
  {
    "id": "b06ce437-f148-4e83-9e84-d935c02fac24",
    "data": [
      {
        "text": "link me to your website",
        "userDefined": false
      }
    ],
    "isTemplate": false,
    "count": 0,
    "updated": 0
  }
]