[
  {
    "id": "b8ac212b-9dd9-4479-a3fd-d54cdf61fe02",
    "data": [
      {
        "text": "how do marriott points work",
        "userDefined": false
      }
    ],
    "isTemplate": false,
    "count": 0,
    "updated": 1534279273
  },
  {
    "id": "80de146f-bf5c-4092-9243-a00e0976d16f",
    "data": [
      {
        "text": "do you do marriott points",
        "userDefined": false
      }
    ],
    "isTemplate": false,
    "count": 0,
    "updated": 1534279273
  },
  {
    "id": "8e311196-355e-4e11-a98d-e482c3af96a2",
    "data": [
      {
        "text": "How do I get Marriott points",
        "userDefined": false
      }
    ],
    "isTemplate": false,
    "count": 0,
    "updated": 1534265205
  },
  {
    "id": "afad34e8-c42b-48a0-88ea-fa1fd844b3d5",
    "data": [
      {
        "text": "Can I get Marriott points?",
        "userDefined": false
      }
    ],
    "isTemplate": false,
    "count": 0,
    "updated": 1534265205
  },
  {
    "id": "83bb7abc-e512-4c0c-85b9-df13f6f77119",
    "data": [
      {
        "text": "Can I earn Marriott Rewards Points for my stay",
        "meta": "@sys.ignore",
        "userDefined": false
      },
      {
        "text": "?",
        "userDefined": false
      }
    ],
    "isTemplate": false,
    "count": 0,
    "updated": 1534279273
  }
]