[
  {
    "id": "f4df39b4-f5ca-4e31-8d6d-ed96377d0b90",
    "data": [
      {
        "text": "can i book a stay for ",
        "userDefined": false
      },
      {
        "text": "tonight",
        "meta": "@sys.ignore",
        "userDefined": false
      },
      {
        "text": "?",
        "userDefined": false
      }
    ],
    "isTemplate": false,
    "count": 1,
    "updated": 1535741243
  },
  {
    "id": "dff2a28a-040c-4b55-98c8-1088e4b95ffd",
    "data": [
      {
        "text": "can i move in right away",
        "userDefined": false
      }
    ],
    "isTemplate": false,
    "count": 0,
    "updated": 1535741243
  },
  {
    "id": "4b5b8852-e598-4208-a32a-d27e37314ca5",
    "data": [
      {
        "text": "can i move in right now",
        "userDefined": false
      }
    ],
    "isTemplate": false,
    "count": 0,
    "updated": 1535741243
  },
  {
    "id": "76e9ad75-57dd-43fd-bd3a-7deb696d5990",
    "data": [
      {
        "text": "can i move in within a day?",
        "userDefined": false
      }
    ],
    "isTemplate": false,
    "count": 0,
    "updated": 1534282476
  },
  {
    "id": "eb5f8810-7024-4014-930f-42aab39409cf",
    "data": [
      {
        "text": "if i book ",
        "userDefined": false
      },
      {
        "text": "today",
        "meta": "@sys.ignore",
        "userDefined": false
      },
      {
        "text": " can i move in ",
        "userDefined": false
      },
      {
        "text": "tonight",
        "meta": "@sys.ignore",
        "userDefined": false
      }
    ],
    "isTemplate": false,
    "count": 0,
    "updated": 1534282476
  },
  {
    "id": "e03b21ab-955c-4b09-8a88-f3fbd209defd",
    "data": [
      {
        "text": "will the apartment be ready same day?",
        "userDefined": false
      }
    ],
    "isTemplate": false,
    "count": 0,
    "updated": 1534282476
  },
  {
    "id": "106ff98f-de2e-4cfc-8abc-5a46df3b635c",
    "data": [
      {
        "text": "can i move in ",
        "userDefined": false
      },
      {
        "text": "today",
        "meta": "@sys.ignore",
        "userDefined": false
      }
    ],
    "isTemplate": false,
    "count": 0,
    "updated": 1534282476
  },
  {
    "id": "de20b52f-23dc-45b3-9a83-a21c70b37ff1",
    "data": [
      {
        "text": "Can I make a reservation and move in on that same day?",
        "userDefined": false
      }
    ],
    "isTemplate": false,
    "count": 0,
    "updated": 1534282476
  }
]