[
  {
    "id": "879f4458-01dc-4128-8c0c-e429ed420e00",
    "data": [
      {
        "text": "can i tour ",
        "userDefined": false
      },
      {
        "text": "one",
        "meta": "@sys.ignore",
        "userDefined": false
      },
      {
        "text": " of your properties?",
        "userDefined": false
      }
    ],
    "isTemplate": false,
    "count": 0,
    "updated": 1536187578
  },
  {
    "id": "17990829-4849-4345-94d9-04a8aa6bdbb1",
    "data": [
      {
        "text": "can i tour ",
        "userDefined": false
      },
      {
        "text": "one",
        "meta": "@sys.ignore",
        "userDefined": false
      },
      {
        "text": " of your apartments",
        "userDefined": false
      }
    ],
    "isTemplate": false,
    "count": 0,
    "updated": 1536187578
  },
  {
    "id": "fd42f9ff-02b7-43f3-85cf-37887a13b9f0",
    "data": [
      {
        "text": "i want to view a unit at olympic and ",
        "userDefined": false
      },
      {
        "text": "olive",
        "meta": "@sys.ignore",
        "userDefined": false
      }
    ],
    "isTemplate": false,
    "count": 0,
    "updated": 1536092157
  },
  {
    "id": "fedc52d6-b99f-4385-b93a-d718a97e2cb9",
    "data": [
      {
        "text": "i want to view the miracle mile location",
        "userDefined": false
      }
    ],
    "isTemplate": false,
    "count": 0,
    "updated": 1536092157
  },
  {
    "id": "679bc342-1e2a-4526-b3c3-99a0e86c5718",
    "data": [
      {
        "text": "how do i schedule a viewing",
        "userDefined": false
      }
    ],
    "isTemplate": false,
    "count": 0,
    "updated": 1536092157
  },
  {
    "id": "6afd85c7-f872-4807-9755-4605b9a9f747",
    "data": [
      {
        "text": "can i see the apartment before i ",
        "userDefined": false
      },
      {
        "text": "book",
        "meta": "@sys.ignore",
        "userDefined": false
      }
    ],
    "isTemplate": false,
    "count": 0,
    "updated": 1536092157
  },
  {
    "id": "f5e916c5-692a-48da-8576-129b49b06891",
    "data": [
      {
        "text": "Redwood City",
        "meta": "@sys.ignore",
        "userDefined": false
      },
      {
        "text": " available ",
        "userDefined": false
      },
      {
        "text": "1",
        "meta": "@sys.ignore",
        "userDefined": false
      },
      {
        "text": " bdrm BMR, viewing ",
        "userDefined": false
      },
      {
        "text": "today",
        "meta": "@sys.ignore",
        "userDefined": false
      },
      {
        "text": "?",
        "userDefined": false
      }
    ],
    "isTemplate": false,
    "count": 0,
    "updated": 1536092157
  },
  {
    "id": "265a5c16-6fe7-46ca-a2cc-de7499f51ae1",
    "data": [
      {
        "text": "Can I schedule a viewing?",
        "userDefined": false
      }
    ],
    "isTemplate": false,
    "count": 0,
    "updated": 1536092157
  }
]