[
  {
    "id": "dbf8688a-d0f0-43ac-b84c-e63a8a00935e",
    "data": [
      {
        "text": "North/South America",
        "userDefined": false
      }
    ],
    "isTemplate": false,
    "count": 1,
    "updated": 0
  },
  {
    "id": "202a4085-4687-4e80-af55-7b70b4947f76",
    "data": [
      {
        "text": "South America",
        "meta": "@sys.ignore",
        "userDefined": false
      }
    ],
    "isTemplate": false,
    "count": 0,
    "updated": 1533941812
  },
  {
    "id": "c98dbda7-2a2f-4d64-b520-b16b18c76ae8",
    "data": [
      {
        "text": "North America",
        "meta": "@sys.ignore",
        "userDefined": false
      }
    ],
    "isTemplate": false,
    "count": 0,
    "updated": 1533941812
  },
  {
    "id": "e4790a07-cf3d-4760-9b99-e459581cf516",
    "data": [
      {
        "text": "North/",
        "userDefined": false
      },
      {
        "text": "South America",
        "meta": "@sys.ignore",
        "userDefined": false
      }
    ],
    "isTemplate": false,
    "count": 0,
    "updated": 1533941812
  }
]