[
  {
    "id": "ab872b5a-1a31-4030-978b-6852b1ff2c26",
    "data": [
      {
        "text": "Making a Reservation",
        "userDefined": false
      }
    ],
    "isTemplate": false,
    "count": 1,
    "updated": 0
  },
  {
    "id": "7dc3c05d-0dd5-4e7b-8da1-c02ac1fe5e8d",
    "data": [
      {
        "text": "Changing Reservation",
        "userDefined": false
      }
    ],
    "isTemplate": false,
    "count": 1,
    "updated": 0
  },
  {
    "id": "3d3d3fd8-4230-48f8-91df-468b7aaa1685",
    "data": [
      {
        "text": "reservation",
        "userDefined": false
      }
    ],
    "isTemplate": false,
    "count": 0,
    "updated": 1533941382
  }
]