[
  {
    "id": "0a5a1aa4-6e74-40f7-a0cc-dcdf2e5a7a16",
    "data": [
      {
        "text": "APAC",
        "userDefined": false
      }
    ],
    "isTemplate": false,
    "count": 0,
    "updated": 1534193939
  },
  {
    "id": "fbd57908-d7cc-4127-ac29-d6f3d3155286",
    "data": [
      {
        "text": "asia",
        "alias": "ow_regions",
        "meta": "@ow_regions",
        "userDefined": false
      }
    ],
    "isTemplate": false,
    "count": 0,
    "updated": 1534193939
  },
  {
    "id": "c9ea29b0-2b75-421b-a81e-d0eb6de8e319",
    "data": [
      {
        "text": "Asia Pacific",
        "alias": "ow_regions",
        "meta": "@ow_regions",
        "userDefined": false
      }
    ],
    "isTemplate": false,
    "count": 0,
    "updated": 1534193939
  }
]