[
  {
    "id": "cd90e4bb-1380-45d5-82ca-a7be95909d03",
    "data": [
      {
        "text": "EMEA",
        "alias": "ow_regions",
        "meta": "@ow_regions",
        "userDefined": false
      }
    ],
    "isTemplate": false,
    "count": 0,
    "updated": 1534194220
  },
  {
    "id": "7f9c88f8-c31d-40cf-b9df-595a5cb5acd5",
    "data": [
      {
        "text": "Africa",
        "alias": "ow_regions",
        "meta": "@ow_regions",
        "userDefined": false
      }
    ],
    "isTemplate": false,
    "count": 0,
    "updated": 1534194220
  },
  {
    "id": "d684da22-6487-4dd8-a0f4-cc1b0d85b2dd",
    "data": [
      {
        "text": "Middle East",
        "alias": "ow_regions",
        "meta": "@ow_regions",
        "userDefined": false
      }
    ],
    "isTemplate": false,
    "count": 0,
    "updated": 1534194220
  },
  {
    "id": "970e7788-f203-4221-8aeb-218551334108",
    "data": [
      {
        "text": "Europe",
        "alias": "ow_regions",
        "meta": "@ow_regions",
        "userDefined": false
      }
    ],
    "isTemplate": false,
    "count": 0,
    "updated": 1534194220
  }
]