[
  {
    "id": "720598a6-6db8-42b4-b851-45833934668d",
    "data": [
      {
        "text": "moving in/out",
        "userDefined": false
      }
    ],
    "isTemplate": false,
    "count": 0,
    "updated": 1534197984
  },
  {
    "id": "f8c1c447-21c6-4d14-a5cc-b85bea4eef47",
    "data": [
      {
        "text": "something else",
        "userDefined": false
      }
    ],
    "isTemplate": false,
    "count": 0,
    "updated": 1534197984
  },
  {
    "id": "14cc6c7e-9116-48c2-9dc2-038a3c604c3c",
    "data": [
      {
        "text": "Other",
        "userDefined": false
      }
    ],
    "isTemplate": false,
    "count": 0,
    "updated": 1533943351
  }
]