[
  {
    "id": "807deed4-2475-4996-9676-cf7b0aa9acba",
    "data": [
      {
        "text": "sup",
        "userDefined": false
      }
    ],
    "isTemplate": false,
    "count": 1,
    "updated": 0
  },
  {
    "id": "c7d06e9d-15ae-4b9a-9c32-22bf364519a6",
    "data": [
      {
        "text": "is someone there?",
        "userDefined": false
      }
    ],
    "isTemplate": false,
    "count": 0,
    "updated": 1534529781
  },
  {
    "id": "081a1580-4fa4-4828-a36b-36f41b241d74",
    "data": [
      {
        "text": "are you there?",
        "userDefined": false
      }
    ],
    "isTemplate": false,
    "count": 0,
    "updated": 1534529781
  },
  {
    "id": "5cb214bd-1c1b-414d-b58a-c1ccc443d1fc",
    "data": [
      {
        "text": "FACEBOOK_WELCOME",
        "userDefined": false
      }
    ],
    "isTemplate": false,
    "count": 0,
    "updated": 1531264116
  },
  {
    "id": "585bc469-9a72-4794-8faa-fc37b3c064d8",
    "data": [
      {
        "text": "hello",
        "userDefined": false
      }
    ],
    "isTemplate": false,
    "count": 1,
    "updated": 1531264026
  },
  {
    "id": "07243acb-9467-4cec-b3ab-c8c39912dacb",
    "data": [
      {
        "text": "get started",
        "userDefined": false
      }
    ],
    "isTemplate": false,
    "count": 1,
    "updated": 1531264026
  },
  {
    "id": "d36905ec-2b52-4f6f-97a2-73c1c6101341",
    "data": [
      {
        "text": "begin",
        "userDefined": false
      }
    ],
    "isTemplate": false,
    "count": 1,
    "updated": 1531264026
  },
  {
    "id": "f8f97a59-c9e8-4f4b-ab82-49f27adea137",
    "data": [
      {
        "text": "hey",
        "userDefined": false
      }
    ],
    "isTemplate": false,
    "count": 0,
    "updated": 1531264026
  },
  {
    "id": "eca7237e-12fa-46ca-ba92-a4d0aae21924",
    "data": [
      {
        "text": "yo",
        "userDefined": false
      }
    ],
    "isTemplate": false,
    "count": 0,
    "updated": 1531264026
  },
  {
    "id": "9b15815f-4f87-4e44-8eb4-e2ce3b51d992",
    "data": [
      {
        "text": "good morning",
        "userDefined": false
      }
    ],
    "isTemplate": false,
    "count": 0,
    "updated": 1531264026
  },
  {
    "id": "84cc52b7-91c4-49c7-a5d1-6835dd3f548c",
    "data": [
      {
        "text": "hi",
        "userDefined": false
      }
    ],
    "isTemplate": false,
    "count": 0,
    "updated": 1531264026
  }
]