[
  {
    "id": "f60d0241-e5d7-4e46-9963-d1738c588d22",
    "data": [
      {
        "text": "can i do that in the app?",
        "userDefined": false
      }
    ],
    "isTemplate": false,
    "count": 0,
    "updated": 1534366964
  },
  {
    "id": "47196aee-4bd6-4476-88cf-d3ee99a46a42",
    "data": [
      {
        "text": "where do i download the app",
        "userDefined": false
      }
    ],
    "isTemplate": false,
    "count": 0,
    "updated": 1534366964
  },
  {
    "id": "e5c44470-9f4d-4f69-a49d-0d3dd0d67b33",
    "data": [
      {
        "text": "is there an oakwood app",
        "userDefined": false
      }
    ],
    "isTemplate": false,
    "count": 0,
    "updated": 1534366964
  },
  {
    "id": "b29e59f0-516c-4c18-8044-2dea481f745a",
    "data": [
      {
        "text": "do you have an app",
        "userDefined": false
      }
    ],
    "isTemplate": false,
    "count": 0,
    "updated": 1534366964
  }
]