[
  {
    "id": "ada91765-5be3-46a2-8093-b3822efbbecd",
    "data": [
      {
        "text": "do i need renters insurance",
        "userDefined": false
      }
    ],
    "isTemplate": false,
    "count": 0,
    "updated": 1534530002
  },
  {
    "id": "9899cc52-11b8-4832-a569-a417d9547d4d",
    "data": [
      {
        "text": "what happens if someone steals my stuff?",
        "userDefined": false
      }
    ],
    "isTemplate": false,
    "count": 0,
    "updated": 1534279578
  },
  {
    "id": "44be726f-070a-49b2-8e9d-d94cb2281f85",
    "data": [
      {
        "text": "am i insured when i stay at oakwood?",
        "userDefined": false
      }
    ],
    "isTemplate": false,
    "count": 0,
    "updated": 1534279578
  },
  {
    "id": "950deeae-3838-4483-9e77-84e9a5d7cec5",
    "data": [
      {
        "text": "am i insured?",
        "userDefined": false
      }
    ],
    "isTemplate": false,
    "count": 0,
    "updated": 1534279578
  },
  {
    "id": "f4fdd577-dd45-49a0-a34f-28b9c97d6f9f",
    "data": [
      {
        "text": "do you offer insurance?",
        "userDefined": false
      }
    ],
    "isTemplate": false,
    "count": 0,
    "updated": 1534279578
  },
  {
    "id": "22e316ae-f3df-4be3-a735-dee258558087",
    "data": [
      {
        "text": "do you have insurance",
        "userDefined": false
      }
    ],
    "isTemplate": false,
    "count": 0,
    "updated": 1534279578
  },
  {
    "id": "8233ce35-ff02-44f0-b2ec-4312ad5cb3f4",
    "data": [
      {
        "text": "Is insurance included?",
        "userDefined": false
      }
    ],
    "isTemplate": false,
    "count": 0,
    "updated": 1534279578
  },
  {
    "id": "f09ff702-7b83-41e5-995b-917c26c51079",
    "data": [
      {
        "text": "Is there insurance?",
        "userDefined": false
      }
    ],
    "isTemplate": false,
    "count": 0,
    "updated": 1534279578
  },
  {
    "id": "754e4cbc-0b44-4a25-879b-5096feeff428",
    "data": [
      {
        "text": "Do you offer insurance coverage while traveling?",
        "userDefined": false
      }
    ],
    "isTemplate": false,
    "count": 0,
    "updated": 1534279578
  }
]