[
  {
    "id": "6c6f8b82-02d8-4f1e-98f9-f03c878879c5",
    "data": [
      {
        "text": "does a ",
        "userDefined": false
      },
      {
        "text": "two bedroom",
        "alias": "types",
        "meta": "@types",
        "userDefined": false
      },
      {
        "text": " appartment have ",
        "userDefined": false
      },
      {
        "text": "1",
        "meta": "@sys.ignore",
        "userDefined": false
      },
      {
        "text": " or ",
        "userDefined": false
      },
      {
        "text": "2",
        "meta": "@sys.ignore",
        "userDefined": false
      },
      {
        "text": " bathrooms",
        "userDefined": false
      }
    ],
    "isTemplate": false,
    "count": 0,
    "updated": 1536097774
  },
  {
    "id": "3a2ffd63-c69c-4844-9196-3e4f0fba67b4",
    "data": [
      {
        "text": "How many bathrooms does the ",
        "userDefined": false
      },
      {
        "text": "2 bed",
        "alias": "types",
        "meta": "@types",
        "userDefined": false
      },
      {
        "text": " apartment have",
        "userDefined": false
      }
    ],
    "isTemplate": false,
    "count": 0,
    "updated": 1536097774
  },
  {
    "id": "a547d600-49b6-40c2-b37f-186419a36e71",
    "data": [
      {
        "text": "Does a ",
        "userDefined": false
      },
      {
        "text": "2 bedroom",
        "alias": "types",
        "meta": "@types",
        "userDefined": false
      },
      {
        "text": " apartment have ",
        "userDefined": false
      },
      {
        "text": "2",
        "alias": "types1",
        "meta": "@types",
        "userDefined": false
      },
      {
        "text": " bathrooms?",
        "userDefined": false
      }
    ],
    "isTemplate": false,
    "count": 0,
    "updated": 1536097774
  }
]