[
  {
    "id": "701cc316-c820-43e2-97fc-51f2a8e945cd",
    "data": [
      {
        "text": "how do i find my room",
        "userDefined": false
      }
    ],
    "isTemplate": false,
    "count": 0,
    "updated": 0
  },
  {
    "id": "187071ab-c25c-4d96-b277-aacb2ef02816",
    "data": [
      {
        "text": "how do you check in",
        "userDefined": false
      }
    ],
    "isTemplate": false,
    "count": 0,
    "updated": 0
  },
  {
    "id": "86fc70d3-9b1f-4a5a-8182-c1d74f318670",
    "data": [
      {
        "text": "what do i do to check in",
        "userDefined": false
      }
    ],
    "isTemplate": false,
    "count": 0,
    "updated": 1534279368
  },
  {
    "id": "74085c18-118f-477a-a825-668db9caffae",
    "data": [
      {
        "text": "what is check in procedure",
        "userDefined": false
      }
    ],
    "isTemplate": false,
    "count": 0,
    "updated": 1534279368
  },
  {
    "id": "a937ad55-8bfd-4055-a04b-5b8d98af5963",
    "data": [
      {
        "text": "How do I access my ",
        "userDefined": false
      },
      {
        "text": "apartment",
        "meta": "@sys.ignore",
        "userDefined": false
      }
    ],
    "isTemplate": false,
    "count": 0,
    "updated": 1534265366
  },
  {
    "id": "ac75ebe1-c809-4791-a4a2-beda5d749927",
    "data": [
      {
        "text": "How do I get in to my ",
        "userDefined": false
      },
      {
        "text": "apartment",
        "meta": "@sys.ignore",
        "userDefined": false
      }
    ],
    "isTemplate": false,
    "count": 0,
    "updated": 1534265366
  },
  {
    "id": "e2ce8c28-b635-4772-b8dc-ce5d909cba48",
    "data": [
      {
        "text": "How do I check in",
        "userDefined": false
      }
    ],
    "isTemplate": false,
    "count": 0,
    "updated": 1534265366
  },
  {
    "id": "d3c4743d-7a7a-47f5-9575-a2203b63a2d3",
    "data": [
      {
        "text": "How do I check in and access my ",
        "userDefined": false
      },
      {
        "text": "apartment",
        "meta": "@sys.ignore",
        "userDefined": false
      },
      {
        "text": " on arrival?",
        "userDefined": false
      }
    ],
    "isTemplate": false,
    "count": 0,
    "updated": 1534265366
  }
]