[
  {
    "id": "01249227-7cd6-4e66-91fb-d6f677d87590",
    "data": [
      {
        "text": "can i access my service history",
        "userDefined": false
      }
    ],
    "isTemplate": false,
    "count": 0,
    "updated": 1534354703
  },
  {
    "id": "efe41343-fe64-43ef-b718-b34d8077ec5e",
    "data": [
      {
        "text": "how do i check the status of my repairs",
        "userDefined": false
      }
    ],
    "isTemplate": false,
    "count": 0,
    "updated": 1534354703
  },
  {
    "id": "99eabfb8-5135-4118-8f4d-4cbdff4b3ccd",
    "data": [
      {
        "text": "did my service request go through",
        "userDefined": false
      }
    ],
    "isTemplate": false,
    "count": 0,
    "updated": 1534354703
  },
  {
    "id": "091c6125-7df2-4bdf-8336-5bab8c704900",
    "data": [
      {
        "text": "where can i see the status of my maintenance request",
        "userDefined": false
      }
    ],
    "isTemplate": false,
    "count": 0,
    "updated": 1534354703
  },
  {
    "id": "64418563-8d71-4c67-892b-22174fd7580a",
    "data": [
      {
        "text": "what is the status of my repair request",
        "userDefined": false
      }
    ],
    "isTemplate": false,
    "count": 0,
    "updated": 1534354703
  },
  {
    "id": "61a9e0a9-89c1-4b1d-b597-9551987021ae",
    "data": [
      {
        "text": "How do I see my service history",
        "userDefined": false
      }
    ],
    "isTemplate": false,
    "count": 0,
    "updated": 1534354703
  },
  {
    "id": "a74771a9-e312-4597-9610-9880fa01b69f",
    "data": [
      {
        "text": "How do I track my service requests?",
        "userDefined": false
      }
    ],
    "isTemplate": false,
    "count": 0,
    "updated": 1534354703
  }
]