[
  {
    "id": "2aa316d6-6dd9-49f5-9bb4-dfa94f798d8e",
    "data": [
      {
        "text": "how do i extend my stay",
        "userDefined": false
      }
    ],
    "isTemplate": false,
    "count": 1,
    "updated": 0
  },
  {
    "id": "154d9ba0-25ac-4ed1-8616-a9a30419f740",
    "data": [
      {
        "text": "how do i extend my lease",
        "userDefined": false
      }
    ],
    "isTemplate": false,
    "count": 0,
    "updated": 0
  },
  {
    "id": "0315a853-9ae3-4963-9123-7b073408ff60",
    "data": [
      {
        "text": "ok how do i do it",
        "userDefined": false
      }
    ],
    "isTemplate": false,
    "count": 0,
    "updated": 0
  },
  {
    "id": "1f45b021-2f0e-476a-aa5f-ced2c7ee9afa",
    "data": [
      {
        "text": "how do i ask to stay later",
        "userDefined": false
      }
    ],
    "isTemplate": false,
    "count": 0,
    "updated": 0
  },
  {
    "id": "1499390f-f935-4634-8cdd-4266dabfc792",
    "data": [
      {
        "text": "how do i stay longer",
        "userDefined": false
      }
    ],
    "isTemplate": false,
    "count": 0,
    "updated": 1534368014
  }
]