[
  {
    "id": "981709fe-9d68-4754-9aa1-627ab42afe7a",
    "data": [
      {
        "text": "how do i get to my paperwork",
        "userDefined": false
      }
    ],
    "isTemplate": false,
    "count": 0,
    "updated": 1534530088
  },
  {
    "id": "a83e7f30-d618-413b-a6f0-ffc84a80f8f2",
    "data": [
      {
        "text": "where are the documents i have to sign",
        "userDefined": false
      }
    ],
    "isTemplate": false,
    "count": 0,
    "updated": 1534354148
  },
  {
    "id": "28ad7743-f6c8-4326-b7b5-dfa9bafbc8c7",
    "data": [
      {
        "text": "where can i find my documents",
        "userDefined": false
      }
    ],
    "isTemplate": false,
    "count": 0,
    "updated": 1534354148
  },
  {
    "id": "c2d83d00-b244-408b-9c0e-bce9d96d53e7",
    "data": [
      {
        "text": "where do i sign stuff",
        "userDefined": false
      }
    ],
    "isTemplate": false,
    "count": 0,
    "updated": 1534354148
  },
  {
    "id": "cb874382-ab7d-4f19-8e87-e9f831d34ef1",
    "data": [
      {
        "text": "how do i see what i\u0027ve signed",
        "userDefined": false
      }
    ],
    "isTemplate": false,
    "count": 0,
    "updated": 1534354148
  },
  {
    "id": "f018096f-438c-4f3d-97f8-161a260412d1",
    "data": [
      {
        "text": "how do i see my documents",
        "userDefined": false
      }
    ],
    "isTemplate": false,
    "count": 0,
    "updated": 1534354148
  },
  {
    "id": "c5f1bf71-4509-450f-aa67-253e328b60d0",
    "data": [
      {
        "text": "How do I access my documents?",
        "userDefined": false
      }
    ],
    "isTemplate": false,
    "count": 0,
    "updated": 1534354148
  }
]