[
  {
    "id": "c9310df8-cf91-42f3-a231-59c1b981dcef",
    "data": [
      {
        "text": "can i move in asap",
        "userDefined": false
      }
    ],
    "isTemplate": false,
    "count": 0,
    "updated": 1535741109
  },
  {
    "id": "f55a097a-de9f-41d6-a738-c9c0983d4ae2",
    "data": [
      {
        "text": "can i book a year in advance",
        "userDefined": false
      }
    ],
    "isTemplate": false,
    "count": 0,
    "updated": 1535741109
  },
  {
    "id": "078647a9-92a1-4ac0-bf9e-c6b391a3320b",
    "data": [
      {
        "text": "how early do i need to reserve an apartment",
        "userDefined": false
      }
    ],
    "isTemplate": false,
    "count": 0,
    "updated": 1535741109
  },
  {
    "id": "a1803589-9446-4819-9969-d1c114c82af7",
    "data": [
      {
        "text": "how soon can i move in",
        "userDefined": false
      }
    ],
    "isTemplate": false,
    "count": 0,
    "updated": 1535741109
  },
  {
    "id": "76c9ba00-ffd7-47d3-bd8d-0df24c13ae81",
    "data": [
      {
        "text": "How soon do i need to make a reservation before i move in",
        "userDefined": false
      }
    ],
    "isTemplate": false,
    "count": 0,
    "updated": 1535741109
  },
  {
    "id": "d1a3074c-6773-41f9-bcca-cf7ab3bfd807",
    "data": [
      {
        "text": "How far in advance do I have to book?",
        "userDefined": false
      }
    ],
    "isTemplate": false,
    "count": 0,
    "updated": 1535741109
  }
]