[
  {
    "id": "fa136c51-4b39-45bb-9b38-6cbe4006ebc8",
    "data": [
      {
        "text": "i can\u0027t log into the wifi",
        "userDefined": false
      }
    ],
    "isTemplate": false,
    "count": 0,
    "updated": 1534369362
  },
  {
    "id": "6bc24ba8-bf76-4f78-bdf1-d30c67b46166",
    "data": [
      {
        "text": "how do i get on the internet",
        "userDefined": false
      }
    ],
    "isTemplate": false,
    "count": 0,
    "updated": 1534369362
  },
  {
    "id": "63f9f040-c408-4bea-9963-90f3a0f8852a",
    "data": [
      {
        "text": "will there be internet",
        "userDefined": false
      }
    ],
    "isTemplate": false,
    "count": 0,
    "updated": 1534369362
  },
  {
    "id": "533d92b7-4fbc-4145-9fe0-6989a3f2ebc9",
    "data": [
      {
        "text": "what\u0027s the wifi password",
        "userDefined": false
      }
    ],
    "isTemplate": false,
    "count": 0,
    "updated": 1534369362
  },
  {
    "id": "abc57ef0-a03d-4b6a-8b1e-e4e97e68851a",
    "data": [
      {
        "text": "How do i get on to the wifi",
        "userDefined": false
      }
    ],
    "isTemplate": false,
    "count": 0,
    "updated": 1534369362
  },
  {
    "id": "68d94a0b-3853-4b84-b8f5-8ee4837096ca",
    "data": [
      {
        "text": "Is there wifi",
        "userDefined": false
      }
    ],
    "isTemplate": false,
    "count": 0,
    "updated": 1534369362
  },
  {
    "id": "44479513-6311-4303-904f-855f83b360c4",
    "data": [
      {
        "text": "How do I log in to the Wi-Fi in the ",
        "userDefined": false
      },
      {
        "text": "apartment",
        "meta": "@sys.ignore",
        "userDefined": false
      },
      {
        "text": "?",
        "userDefined": false
      }
    ],
    "isTemplate": false,
    "count": 0,
    "updated": 1534369362
  }
]