[
  {
    "id": "23aa03f3-09fc-4400-bb0f-6c04cfb8d28b",
    "data": [
      {
        "text": "why wouldn\u0027t i just get a hotel",
        "userDefined": false
      }
    ],
    "isTemplate": false,
    "count": 0,
    "updated": 1534530792
  },
  {
    "id": "d2ca47d4-b097-4798-81ee-b921272093e9",
    "data": [
      {
        "text": "is there more privacy than a hotel room",
        "userDefined": false
      }
    ],
    "isTemplate": false,
    "count": 0,
    "updated": 1534280876
  },
  {
    "id": "6d930195-66b8-40aa-9260-c72405a92bbc",
    "data": [
      {
        "text": "how do you compare to a hotel",
        "userDefined": false
      }
    ],
    "isTemplate": false,
    "count": 0,
    "updated": 1534280876
  },
  {
    "id": "d8e66d60-bf00-4166-8553-b112e3612c7a",
    "data": [
      {
        "text": "are your apartment buildings better than hotels",
        "userDefined": false
      }
    ],
    "isTemplate": false,
    "count": 0,
    "updated": 1534280876
  },
  {
    "id": "a52a78d8-bdce-42cc-89b4-f9458bca97de",
    "data": [
      {
        "text": "is oakwood different than a hotel",
        "userDefined": false
      }
    ],
    "isTemplate": false,
    "count": 0,
    "updated": 1534280876
  },
  {
    "id": "1028069e-e779-458a-8497-ea97bdf365f7",
    "data": [
      {
        "text": "is oakwood a hotel",
        "userDefined": false
      }
    ],
    "isTemplate": false,
    "count": 0,
    "updated": 1534280876
  },
  {
    "id": "32f0f885-47c9-4568-bac7-d634772641f7",
    "data": [
      {
        "text": "How is an Oakwood Worldwide ",
        "userDefined": false
      },
      {
        "text": "apartment",
        "meta": "@sys.ignore",
        "userDefined": false
      },
      {
        "text": " different from a ",
        "userDefined": false
      },
      {
        "text": "hotel",
        "meta": "@sys.ignore",
        "userDefined": false
      },
      {
        "text": "?",
        "userDefined": false
      }
    ],
    "isTemplate": false,
    "count": 0,
    "updated": 1534266048
  }
]