[
  {
    "id": "5507b410-cdb9-499b-be00-807d0528e3bf",
    "data": [
      {
        "text": "are there a lot of units at the ",
        "userDefined": false
      },
      {
        "text": "miracle mile",
        "alias": "location",
        "meta": "@sys.location",
        "userDefined": true
      },
      {
        "text": " location",
        "userDefined": false
      }
    ],
    "isTemplate": false,
    "count": 0,
    "updated": 1536095347
  },
  {
    "id": "f31c3995-eee3-459d-be9f-b6fbe6ebf971",
    "data": [
      {
        "text": "is the ",
        "userDefined": false
      },
      {
        "text": "silicon valley",
        "alias": "location",
        "meta": "@sys.location",
        "userDefined": false
      },
      {
        "text": " complex very big?",
        "userDefined": false
      }
    ],
    "isTemplate": false,
    "count": 0,
    "updated": 1536095347
  },
  {
    "id": "121d5144-92d2-49a7-82b0-217043a8621c",
    "data": [
      {
        "text": "how many buildings are the apartments at ",
        "userDefined": false
      },
      {
        "text": "olympic and olive",
        "alias": "location",
        "meta": "@sys.location",
        "userDefined": true
      }
    ],
    "isTemplate": false,
    "count": 0,
    "updated": 1536095347
  },
  {
    "id": "ec16a6af-7bcb-4183-8f15-002e8705daf1",
    "data": [
      {
        "text": "Hi, how big is the complex at ",
        "userDefined": false
      },
      {
        "text": "marina del rey",
        "alias": "location",
        "meta": "@sys.location",
        "userDefined": true
      },
      {
        "text": "?",
        "userDefined": false
      }
    ],
    "isTemplate": false,
    "count": 0,
    "updated": 1536095347
  },
  {
    "id": "f9fe5d16-e335-4293-a800-c37263f141c7",
    "data": [
      {
        "text": "How many units are there",
        "userDefined": false
      }
    ],
    "isTemplate": false,
    "count": 0,
    "updated": 1536095347
  }
]