[
  {
    "id": "2a6c05d3-03cf-4315-bfd8-6f8428ce175d",
    "data": [
      {
        "text": "with what frequency can i expect housekeeping to come",
        "userDefined": false
      }
    ],
    "isTemplate": false,
    "count": 0,
    "updated": 1536097907
  },
  {
    "id": "7f193c6b-dc29-4c85-8638-ab7ebfadc139",
    "data": [
      {
        "text": "how many times a week does housekeeping come",
        "userDefined": false
      }
    ],
    "isTemplate": false,
    "count": 0,
    "updated": 1536097907
  },
  {
    "id": "1ac378ad-c3e3-4d5a-958f-ddb5a4ef3ae1",
    "data": [
      {
        "text": "how frequently does the maid come",
        "userDefined": false
      }
    ],
    "isTemplate": false,
    "count": 0,
    "updated": 1536097907
  },
  {
    "id": "69bbcf3e-7d7e-44c1-ad00-2963127522c5",
    "data": [
      {
        "text": "I would like to ask about housekeeping, how often is it?",
        "userDefined": false
      }
    ],
    "isTemplate": false,
    "count": 0,
    "updated": 1536097907
  },
  {
    "id": "86949261-d071-4449-a5ff-cbe63dedd860",
    "data": [
      {
        "text": "How often does house keeping come?",
        "userDefined": false
      }
    ],
    "isTemplate": false,
    "count": 0,
    "updated": 1536097907
  }
]