[
  {
    "id": "0064e2da-0d97-4d01-afd7-324676ba92c3",
    "data": [
      {
        "text": "how do i make a reservation",
        "userDefined": false
      }
    ],
    "isTemplate": false,
    "count": 3,
    "updated": 0
  },
  {
    "id": "c206e6cf-8980-4f40-b278-7960966eef0b",
    "data": [
      {
        "text": "does my employer book or do i do it myself",
        "userDefined": false
      }
    ],
    "isTemplate": false,
    "count": 0,
    "updated": 1534530208
  },
  {
    "id": "022ff83c-2c94-4c62-a21e-d8415eaf0028",
    "data": [
      {
        "text": "how do i book through my employer",
        "userDefined": false
      }
    ],
    "isTemplate": false,
    "count": 0,
    "updated": 1534530208
  },
  {
    "id": "026b2822-c246-47ac-b56f-031b04ed98b4",
    "data": [
      {
        "text": "can my company pay for my stay",
        "userDefined": false
      }
    ],
    "isTemplate": false,
    "count": 0,
    "updated": 1534278679
  },
  {
    "id": "4e8abf9e-5463-427d-b4aa-c0c280554073",
    "data": [
      {
        "text": "how can my company book me an apartment",
        "userDefined": false
      }
    ],
    "isTemplate": false,
    "count": 0,
    "updated": 1534278679
  },
  {
    "id": "4dab174b-8e08-4195-a66d-56492f8120b2",
    "data": [
      {
        "text": "can my company book for me",
        "userDefined": false
      }
    ],
    "isTemplate": false,
    "count": 0,
    "updated": 1534265122
  },
  {
    "id": "f8d5dd82-f1b7-44bc-9a1a-f0f191f7f5e9",
    "data": [
      {
        "text": "how do i book through my company",
        "meta": "@sys.ignore",
        "userDefined": false
      }
    ],
    "isTemplate": false,
    "count": 0,
    "updated": 1534265122
  },
  {
    "id": "767af83a-bae5-4469-b271-928fc20b3f4d",
    "data": [
      {
        "text": "How do I book",
        "meta": "@sys.ignore",
        "userDefined": false
      },
      {
        "text": " an ",
        "userDefined": false
      },
      {
        "text": "apartment",
        "meta": "@sys.ignore",
        "userDefined": false
      },
      {
        "text": " under my company\u0027s corporate account?",
        "userDefined": false
      }
    ],
    "isTemplate": false,
    "count": 0,
    "updated": 1534265122
  }
]