[
  {
    "id": "4eb21df6-c7c0-447d-83a0-9db6b60e8fc2",
    "data": [
      {
        "text": "where is my reservation",
        "userDefined": false
      }
    ],
    "isTemplate": false,
    "count": 0,
    "updated": 1536092962
  },
  {
    "id": "b2da792b-9c04-42b6-91fe-903ca8a9f35a",
    "data": [
      {
        "text": "where is my confirmation",
        "userDefined": false
      }
    ],
    "isTemplate": false,
    "count": 0,
    "updated": 1536092962
  },
  {
    "id": "c2721c80-0b19-4b7a-8a93-49f796f1d55b",
    "data": [
      {
        "text": "i cant find my reservation",
        "userDefined": false
      }
    ],
    "isTemplate": false,
    "count": 0,
    "updated": 1536092962
  },
  {
    "id": "8eeed4cb-25a3-430d-8c31-8b6624237c7b",
    "data": [
      {
        "text": "can you help me find my reservation",
        "userDefined": false
      }
    ],
    "isTemplate": false,
    "count": 0,
    "updated": 1536092962
  },
  {
    "id": "db538f9e-ffec-4d62-85ee-85bfa2f2235c",
    "data": [
      {
        "text": "i cant print my reservation",
        "userDefined": false
      }
    ],
    "isTemplate": false,
    "count": 0,
    "updated": 1536092768
  },
  {
    "id": "71551441-354d-4f2c-936a-49bed5fa6329",
    "data": [
      {
        "text": "how do i print my confirmation",
        "userDefined": false
      }
    ],
    "isTemplate": false,
    "count": 0,
    "updated": 1536092768
  },
  {
    "id": "aaee3918-0d57-4b63-bc45-24a2a6c883c8",
    "data": [
      {
        "text": "how do i print my receipt",
        "userDefined": false
      }
    ],
    "isTemplate": false,
    "count": 0,
    "updated": 1536092768
  },
  {
    "id": "3f74e74d-1b9b-480a-aa9b-85722c54471d",
    "data": [
      {
        "text": "I just booked my reservation and can\u0027t print it",
        "userDefined": false
      }
    ],
    "isTemplate": false,
    "count": 0,
    "updated": 1536092768
  }
]