[
  {
    "id": "62276ed4-b984-4222-8405-c3ca9bdc2a51",
    "data": [
      {
        "text": "i didnt get instructions",
        "userDefined": false
      }
    ],
    "isTemplate": false,
    "count": 0,
    "updated": 1534285054
  },
  {
    "id": "5cc001ab-3221-480f-b552-cf48f3c918b2",
    "data": [
      {
        "text": "are those in an email",
        "userDefined": false
      }
    ],
    "isTemplate": false,
    "count": 0,
    "updated": 1534285054
  },
  {
    "id": "1115576f-f2ad-420f-bd98-ad5ac1b35892",
    "data": [
      {
        "text": "where are they",
        "userDefined": false
      }
    ],
    "isTemplate": false,
    "count": 0,
    "updated": 1534285054
  },
  {
    "id": "950f853c-52cd-40b7-a143-c28a648443f7",
    "data": [
      {
        "text": "i cant find my instructions",
        "userDefined": false
      }
    ],
    "isTemplate": false,
    "count": 0,
    "updated": 1534285054
  },
  {
    "id": "9b965ef6-bfa7-4d57-932c-647b5b41e588",
    "data": [
      {
        "text": "i dont have those",
        "userDefined": false
      }
    ],
    "isTemplate": false,
    "count": 0,
    "updated": 1534285054
  },
  {
    "id": "c863d2b8-ff03-43ec-909f-f806cda706da",
    "data": [
      {
        "text": "I dont have move out instructions",
        "userDefined": false
      }
    ],
    "isTemplate": false,
    "count": 0,
    "updated": 1534285054
  }
]