[
  {
    "id": "9784b8c6-87b8-4d55-9578-5bb95d232471",
    "data": [
      {
        "text": "your service is terrible",
        "userDefined": false
      }
    ],
    "isTemplate": false,
    "count": 0,
    "updated": 1536090359
  },
  {
    "id": "2e074157-546a-477e-be32-a075c8f0b8ff",
    "data": [
      {
        "text": "my apartment is terrible",
        "userDefined": false
      }
    ],
    "isTemplate": false,
    "count": 0,
    "updated": 1536090359
  },
  {
    "id": "2b385e99-ad4c-412c-b10f-43e09a5f7a19",
    "data": [
      {
        "text": "i had a bad experience",
        "userDefined": false
      }
    ],
    "isTemplate": false,
    "count": 0,
    "updated": 1534807802
  },
  {
    "id": "1cc8d496-2f01-4c04-aeac-9129dce4bd0f",
    "data": [
      {
        "text": "I will never stay with you again",
        "userDefined": false
      }
    ],
    "isTemplate": false,
    "count": 0,
    "updated": 1534807802
  },
  {
    "id": "f6e054ea-5ed2-4c9d-ad90-061a35d714f1",
    "data": [
      {
        "text": "I have a complaint",
        "userDefined": false
      }
    ],
    "isTemplate": false,
    "count": 0,
    "updated": 1534807802
  }
]