[
  {
    "id": "df954877-9644-404c-a3f3-df7f70cf4c7e",
    "data": [
      {
        "text": "can i put ",
        "userDefined": false
      },
      {
        "text": "two",
        "meta": "@sys.ignore",
        "userDefined": false
      },
      {
        "text": " employees in the same apartment",
        "userDefined": false
      }
    ],
    "isTemplate": false,
    "count": 0,
    "updated": 1534279808
  },
  {
    "id": "4f9c0a1c-946b-4947-b309-87d3a4cc5794",
    "data": [
      {
        "text": "can my company put me and my coworker in the same apartment",
        "userDefined": false
      }
    ],
    "isTemplate": false,
    "count": 0,
    "updated": 1534279808
  },
  {
    "id": "13063312-a793-410a-ad7a-ba09b548f55a",
    "data": [
      {
        "text": "can i share an ",
        "userDefined": false
      },
      {
        "text": "apartment",
        "meta": "@sys.ignore",
        "userDefined": false
      },
      {
        "text": " with someone else in my company",
        "userDefined": false
      }
    ],
    "isTemplate": false,
    "count": 0,
    "updated": 1534265455
  },
  {
    "id": "2d2a256b-f3ec-45b4-8391-c40b5236d8fe",
    "data": [
      {
        "text": "Can i stay with a coworker",
        "userDefined": false
      }
    ],
    "isTemplate": false,
    "count": 0,
    "updated": 1534265455
  },
  {
    "id": "0d7df635-74e2-47fb-ae13-2e0906ac2d37",
    "data": [
      {
        "text": "Can i stay with a colleague",
        "userDefined": false
      }
    ],
    "isTemplate": false,
    "count": 0,
    "updated": 1534265455
  },
  {
    "id": "6d35f033-de1f-44c8-9c91-7a0cf5eb9cf4",
    "data": [
      {
        "text": "If a colleague and I are traveling at the same time, can we share an ",
        "userDefined": false
      },
      {
        "text": "apartment",
        "meta": "@sys.ignore",
        "userDefined": false
      },
      {
        "text": "?",
        "userDefined": false
      }
    ],
    "isTemplate": false,
    "count": 0,
    "updated": 1534265455
  }
]