[
  {
    "id": "6cd60325-33c2-460f-b6c5-63f4a453dc92",
    "data": [
      {
        "text": "do you allow lease extensions",
        "userDefined": false
      }
    ],
    "isTemplate": false,
    "count": 0,
    "updated": 1534283364
  },
  {
    "id": "29a177a6-1559-4541-81e9-d0ce199de49b",
    "data": [
      {
        "text": "am i allowed to stay longer than i booked originally?",
        "userDefined": false
      }
    ],
    "isTemplate": false,
    "count": 0,
    "updated": 1534283364
  },
  {
    "id": "7983ab07-9878-4847-a5be-eaf3f5d4d4a4",
    "data": [
      {
        "text": "can i push my move out day later?",
        "userDefined": false
      }
    ],
    "isTemplate": false,
    "count": 0,
    "updated": 1534283364
  },
  {
    "id": "ca2daa24-01b3-47ae-a4af-bc567a2b89eb",
    "data": [
      {
        "text": "what if i need an extension on my lease",
        "userDefined": false
      }
    ],
    "isTemplate": false,
    "count": 0,
    "updated": 1534283364
  },
  {
    "id": "1405a561-c53f-49ff-b165-40bbc916db18",
    "data": [
      {
        "text": "can i extend my lease",
        "userDefined": false
      }
    ],
    "isTemplate": false,
    "count": 0,
    "updated": 1534283364
  },
  {
    "id": "24cea6d5-b077-4530-ad9d-5640496adeec",
    "data": [
      {
        "text": "what if i need to stay longer",
        "userDefined": false
      }
    ],
    "isTemplate": false,
    "count": 0,
    "updated": 1534283364
  },
  {
    "id": "dd80c417-31f8-4eaa-8480-7e7e7549d0d3",
    "data": [
      {
        "text": "Can I extend my stay?",
        "userDefined": false
      }
    ],
    "isTemplate": false,
    "count": 0,
    "updated": 1534265684
  },
  {
    "id": "cbb91943-e0a6-49ff-a960-a843c5f87334",
    "data": [
      {
        "text": "If my project timeline or assignment is extended, can I extend my stay?",
        "userDefined": false
      }
    ],
    "isTemplate": false,
    "count": 0,
    "updated": 1534265684
  }
]