[
  {
    "id": "9fefd055-a787-48ca-ac2d-8b6e7e014440",
    "data": [
      {
        "text": "whats the difference between the higher rate and the lower rate",
        "userDefined": false
      }
    ],
    "isTemplate": false,
    "count": 0,
    "updated": 1536091273
  },
  {
    "id": "d540ecbc-2331-459e-85bd-878c2e7abd4c",
    "data": [
      {
        "text": "can i get housekeeping through oakwood?",
        "userDefined": false
      }
    ],
    "isTemplate": false,
    "count": 0,
    "updated": 1534285664
  },
  {
    "id": "4bb53e46-d9e3-4d24-8b14-b0e5bdb113b6",
    "data": [
      {
        "text": "are cleaning services included in the price",
        "userDefined": false
      }
    ],
    "isTemplate": false,
    "count": 0,
    "updated": 1534285664
  },
  {
    "id": "d0f76359-9e78-4035-9019-91a53e2dc5f3",
    "data": [
      {
        "text": "is there a maid like a hotel",
        "userDefined": false
      }
    ],
    "isTemplate": false,
    "count": 0,
    "updated": 1534285664
  },
  {
    "id": "c2175219-51af-4830-9d59-0e0595c83e77",
    "data": [
      {
        "text": "is there cleaning service",
        "userDefined": false
      }
    ],
    "isTemplate": false,
    "count": 0,
    "updated": 1534285664
  },
  {
    "id": "4d6a202e-70a4-4a9d-908c-f2a25effdf96",
    "data": [
      {
        "text": "do i have to pay extra for housekeeping",
        "userDefined": false
      }
    ],
    "isTemplate": false,
    "count": 0,
    "updated": 1534285664
  },
  {
    "id": "f9d7c0b1-f2e7-4db4-bcef-f3d3064a2109",
    "data": [
      {
        "text": "Is housekeeping included?",
        "userDefined": false
      }
    ],
    "isTemplate": false,
    "count": 0,
    "updated": 1534264733
  }
]