[
  {
    "id": "d90b4da5-c82e-4124-a706-b43577c71bb9",
    "data": [
      {
        "text": "We have a question regarding parking",
        "userDefined": false
      }
    ],
    "isTemplate": false,
    "count": 0,
    "updated": 0
  },
  {
    "id": "d01bc495-f58c-42e1-bb2e-12409c09764a",
    "data": [
      {
        "text": "what about parking",
        "userDefined": false
      }
    ],
    "isTemplate": false,
    "count": 0,
    "updated": 1534288490
  },
  {
    "id": "98416c1e-ce8c-45e1-a5e1-88448f064129",
    "data": [
      {
        "text": "is there a garage?",
        "userDefined": false
      }
    ],
    "isTemplate": false,
    "count": 0,
    "updated": 1534278843
  },
  {
    "id": "cbbafd79-c37f-43ef-b0dd-393b07f644ef",
    "data": [
      {
        "text": "is there a place for my car?",
        "userDefined": false
      }
    ],
    "isTemplate": false,
    "count": 0,
    "updated": 1534278843
  },
  {
    "id": "1facd3cd-57df-457e-975e-5ea3d04af6b5",
    "data": [
      {
        "text": "do i pay to park?",
        "userDefined": false
      }
    ],
    "isTemplate": false,
    "count": 0,
    "updated": 1534278843
  },
  {
    "id": "336ea274-b24c-43ea-8058-84822315c9fc",
    "data": [
      {
        "text": "where do i park",
        "userDefined": false
      }
    ],
    "isTemplate": false,
    "count": 0,
    "updated": 1534278843
  },
  {
    "id": "b7b3903a-c4d9-4051-9fe1-a14f648de768",
    "data": [
      {
        "text": "how much is parking",
        "userDefined": false
      }
    ],
    "isTemplate": false,
    "count": 0,
    "updated": 1534278843
  },
  {
    "id": "b6bc8099-37cd-4756-ba36-c81e5608b7b4",
    "data": [
      {
        "text": "where is the parking",
        "userDefined": false
      }
    ],
    "isTemplate": false,
    "count": 0,
    "updated": 1534278843
  },
  {
    "id": "38ffaed0-df3d-4221-b5d2-e6dc76905ecf",
    "data": [
      {
        "text": "Is parking included?",
        "userDefined": false
      }
    ],
    "isTemplate": false,
    "count": 0,
    "updated": 1534265433
  }
]