[
  {
    "id": "dec1fb6f-d901-4137-a856-ca752b339711",
    "data": [
      {
        "text": "do i have to pay for laundry",
        "userDefined": false
      }
    ],
    "isTemplate": false,
    "count": 0,
    "updated": 1536098066
  },
  {
    "id": "9abdb296-4f7c-4499-8462-3e75fec1423d",
    "data": [
      {
        "text": "do i have my own washer / dryer",
        "userDefined": false
      }
    ],
    "isTemplate": false,
    "count": 0,
    "updated": 1536098066
  },
  {
    "id": "88c0fab5-822c-40c2-9304-745c9cb885b2",
    "data": [
      {
        "text": "is ther a laundry room on the premises",
        "userDefined": false
      }
    ],
    "isTemplate": false,
    "count": 0,
    "updated": 1536098066
  },
  {
    "id": "c62f60d3-cdf2-4478-b84a-45cdfadd9708",
    "data": [
      {
        "text": "is there a laundry room in the unit",
        "userDefined": false
      }
    ],
    "isTemplate": false,
    "count": 0,
    "updated": 1536098066
  },
  {
    "id": "31dd5064-6beb-4992-be36-0b02c0028e80",
    "data": [
      {
        "text": "is there laundry in the building",
        "userDefined": false
      }
    ],
    "isTemplate": false,
    "count": 0,
    "updated": 1536098066
  },
  {
    "id": "d759c484-f5fa-441e-b1cb-78e442985156",
    "data": [
      {
        "text": "does my unit have laundry machines",
        "userDefined": false
      }
    ],
    "isTemplate": false,
    "count": 0,
    "updated": 1536098066
  },
  {
    "id": "96b6584d-4a2c-4db9-9749-a2d965eb2cba",
    "data": [
      {
        "text": "is there a washer/dryer in unit?",
        "userDefined": false
      }
    ],
    "isTemplate": false,
    "count": 0,
    "updated": 1536098066
  }
]