[
  {
    "id": "35acb091-69b0-4139-bdb9-df0ff9cf62e7",
    "data": [
      {
        "text": "are those really the cheapest ",
        "userDefined": false
      },
      {
        "text": "prices",
        "alias": "price",
        "meta": "@price",
        "userDefined": false
      },
      {
        "text": " you offer?",
        "userDefined": false
      }
    ],
    "isTemplate": false,
    "count": 0,
    "updated": 1536096601
  },
  {
    "id": "a5b8d8c0-436f-4814-a812-009d226654f0",
    "data": [
      {
        "text": "Is the cheapest place you have 4K a month? Any other options, I just dont see the value there? I can work out a\n better deal with a hotel...",
        "userDefined": false
      }
    ],
    "isTemplate": false,
    "count": 0,
    "updated": 1536096601
  },
  {
    "id": "4f758e4b-34c7-4a37-9489-f20b4f9ac24b",
    "data": [
      {
        "text": "do you have anything besides what\u0027s on the website",
        "userDefined": false
      }
    ],
    "isTemplate": false,
    "count": 1,
    "updated": 1536094120
  },
  {
    "id": "87de2a68-237e-40e3-95d4-c8db0e55ba71",
    "data": [
      {
        "text": "is that the best ",
        "userDefined": false
      },
      {
        "text": "pricing",
        "alias": "price",
        "meta": "@price",
        "userDefined": false
      }
    ],
    "isTemplate": false,
    "count": 0,
    "updated": 1536094120
  },
  {
    "id": "e6f67b84-731f-4dd8-b72e-2cfb903d89fb",
    "data": [
      {
        "text": "is that all youve got",
        "userDefined": false
      }
    ],
    "isTemplate": false,
    "count": 0,
    "updated": 1536094120
  },
  {
    "id": "c0121459-47e4-44d2-b259-47292d7374e1",
    "data": [
      {
        "text": "why am i not seeing any availability",
        "userDefined": false
      }
    ],
    "isTemplate": false,
    "count": 0,
    "updated": 1536094120
  },
  {
    "id": "2ad15eb6-502d-4c1d-a213-0cda33c8c6c7",
    "data": [
      {
        "text": "are those really your best ",
        "userDefined": false
      },
      {
        "text": "prices",
        "alias": "price",
        "meta": "@price",
        "userDefined": false
      }
    ],
    "isTemplate": false,
    "count": 0,
    "updated": 1536094120
  },
  {
    "id": "f587f0a3-d22d-4067-8466-65cc4d900a2f",
    "data": [
      {
        "text": "are those the lowest rates",
        "userDefined": false
      }
    ],
    "isTemplate": false,
    "count": 0,
    "updated": 1536094120
  },
  {
    "id": "a5c9136e-c1d4-450c-97fd-9d26a504b069",
    "data": [
      {
        "text": "Is what\u0027s online all you have?",
        "userDefined": false
      }
    ],
    "isTemplate": false,
    "count": 0,
    "updated": 1536094120
  }
]