[
  {
    "id": "fdd8d1c6-6e07-4106-bf34-cb8c95e9de20",
    "data": [
      {
        "text": "what do you know",
        "userDefined": false
      }
    ],
    "isTemplate": false,
    "count": 0,
    "updated": 1534531171
  },
  {
    "id": "d2598f75-919d-4e13-9273-6d451f3045aa",
    "data": [
      {
        "text": "do you know anything",
        "userDefined": false
      }
    ],
    "isTemplate": false,
    "count": 0,
    "updated": 1534531171
  },
  {
    "id": "322e922f-3478-430f-9005-8663f2ead356",
    "data": [
      {
        "text": "menu",
        "userDefined": false
      }
    ],
    "isTemplate": false,
    "count": 1,
    "updated": 1534271712
  },
  {
    "id": "8f67dd05-6537-4ff7-8c16-11bf7938f5f2",
    "data": [
      {
        "text": "what questions can you answer?",
        "userDefined": false
      }
    ],
    "isTemplate": false,
    "count": 0,
    "updated": 1534271712
  }
]