[
  {
    "id": "1ef05daf-b3a8-4032-b65a-fb822787af0d",
    "data": [
      {
        "text": "i would like to speak to someone later ",
        "userDefined": false
      },
      {
        "text": "this afternoon",
        "alias": "time-period",
        "meta": "@sys.time-period",
        "userDefined": false
      },
      {
        "text": ". give me a call at ",
        "userDefined": false
      },
      {
        "text": "111-222-333",
        "alias": "phone-number",
        "meta": "@sys.phone-number",
        "userDefined": false
      }
    ],
    "isTemplate": false,
    "count": 0,
    "updated": 1536094855
  },
  {
    "id": "be0049a1-6f81-4452-923c-a800f303cc6a",
    "data": [
      {
        "text": "can you just have someone give me a call",
        "userDefined": false
      }
    ],
    "isTemplate": false,
    "count": 0,
    "updated": 1536094855
  },
  {
    "id": "d8e16ed6-5a20-4c33-b7ff-987d0c3190f7",
    "data": [
      {
        "text": "can you just call me.",
        "userDefined": false
      }
    ],
    "isTemplate": false,
    "count": 0,
    "updated": 1536094855
  },
  {
    "id": "d87e717a-5068-46c0-875f-0e637a439ad0",
    "data": [
      {
        "text": "Please call me",
        "userDefined": false
      }
    ],
    "isTemplate": false,
    "count": 0,
    "updated": 1536094855
  }
]