[
  {
    "id": "7828e46a-aa74-4209-8e84-c7ef5bd2f537",
    "data": [
      {
        "text": "what do you have in ",
        "userDefined": false
      },
      {
        "text": "EMEA",
        "alias": "ow_regions",
        "meta": "@ow_regions",
        "userDefined": false
      },
      {
        "text": " region",
        "userDefined": false
      }
    ],
    "isTemplate": false,
    "count": 0,
    "updated": 1533585116
  },
  {
    "id": "ccc3b0de-e564-44c8-bcfc-1a3410ce0cb3",
    "data": [
      {
        "text": "show me results for ",
        "userDefined": false
      },
      {
        "text": "Europe",
        "alias": "ow_regions",
        "meta": "@ow_regions",
        "userDefined": false
      }
    ],
    "isTemplate": false,
    "count": 1,
    "updated": 1533585116
  },
  {
    "id": "0b77465d-8ffc-43b2-bb87-8282ffd091bd",
    "data": [
      {
        "text": "Americas",
        "alias": "ow_regions",
        "meta": "@ow_regions",
        "userDefined": false
      }
    ],
    "isTemplate": false,
    "count": 0,
    "updated": 1533585116
  },
  {
    "id": "7782ab6d-be2f-4c62-8737-0130e6b81f2d",
    "data": [
      {
        "text": "What is there in ",
        "userDefined": false
      },
      {
        "text": "Asia",
        "alias": "ow_regions",
        "meta": "@ow_regions",
        "userDefined": false
      }
    ],
    "isTemplate": false,
    "count": 0,
    "updated": 1533585116
  },
  {
    "id": "2b951437-81c9-476f-8116-d4b37be7cbda",
    "data": [
      {
        "text": "asia",
        "alias": "ow_regions",
        "meta": "@ow_regions",
        "userDefined": false
      }
    ],
    "isTemplate": false,
    "count": 0,
    "updated": 0
  }
]