[
  {
    "id": "8584cb29-c371-4389-b6f2-d0cdcbf060df",
    "data": [
      {
        "text": "how about ",
        "userDefined": false
      },
      {
        "text": "asia pacific",
        "alias": "ow_regions",
        "meta": "@ow_regions",
        "userDefined": false
      }
    ],
    "isTemplate": false,
    "count": 0,
    "updated": 1534374361
  },
  {
    "id": "70795243-3ecc-4e1f-881a-180a5d90ba0d",
    "data": [
      {
        "text": "pacific",
        "meta": "@sys.ignore",
        "userDefined": false
      }
    ],
    "isTemplate": false,
    "count": 0,
    "updated": 1534374361
  },
  {
    "id": "a793625e-f859-422b-a51a-d82f38cbe9af",
    "data": [
      {
        "text": "what properties are good in ",
        "userDefined": false
      },
      {
        "text": "europe",
        "alias": "ow_regions",
        "meta": "@ow_regions",
        "userDefined": false
      }
    ],
    "isTemplate": false,
    "count": 0,
    "updated": 1533678259
  },
  {
    "id": "010425c3-9c2d-4fe0-bad4-4791d464d060",
    "data": [
      {
        "text": "and ",
        "userDefined": false
      },
      {
        "text": "america",
        "alias": "ow_regions",
        "meta": "@ow_regions",
        "userDefined": false
      },
      {
        "text": "?",
        "userDefined": false
      }
    ],
    "isTemplate": false,
    "count": 0,
    "updated": 1533678259
  },
  {
    "id": "7b7511af-c2cd-4f91-8bef-8755f0bdd0bd",
    "data": [
      {
        "text": "what about ",
        "userDefined": false
      },
      {
        "text": "asia",
        "alias": "ow_regions",
        "meta": "@ow_regions",
        "userDefined": false
      }
    ],
    "isTemplate": false,
    "count": 0,
    "updated": 1533678259
  }
]