[
  {
    "id": "d67ac262-79ff-4501-8923-58148786f749",
    "data": [
      {
        "text": "no one helped me",
        "userDefined": false
      }
    ],
    "isTemplate": false,
    "count": 0,
    "updated": 1534355597
  },
  {
    "id": "75db7274-f595-4b82-8fd4-9170f7e28cb5",
    "data": [
      {
        "text": "no one picked up",
        "userDefined": false
      }
    ],
    "isTemplate": false,
    "count": 0,
    "updated": 0
  },
  {
    "id": "d14477e1-c940-46a6-b981-961112681d1d",
    "data": [
      {
        "text": "that number didn\u0027t work",
        "userDefined": false
      }
    ],
    "isTemplate": false,
    "count": 1,
    "updated": 0
  },
  {
    "id": "5be68fc6-89b8-4dbb-9943-24c53436f6c0",
    "data": [
      {
        "text": "i still need help",
        "userDefined": false
      }
    ],
    "isTemplate": false,
    "count": 1,
    "updated": 0
  },
  {
    "id": "0ede1fba-e78f-4786-a718-484d74f9075f",
    "data": [
      {
        "text": "that didnt work",
        "userDefined": false
      }
    ],
    "isTemplate": false,
    "count": 1,
    "updated": 0
  },
  {
    "id": "7da7b285-00d9-4bdc-943b-1042a40eda4c",
    "data": [
      {
        "text": "nobody was there",
        "userDefined": false
      }
    ],
    "isTemplate": false,
    "count": 0,
    "updated": 1534196163
  },
  {
    "id": "58bfa1ec-7471-4c98-bd43-19bc4d54aa0d",
    "data": [
      {
        "text": "that number didnt ",
        "userDefined": false
      },
      {
        "text": "help",
        "meta": "@sys.ignore",
        "userDefined": false
      }
    ],
    "isTemplate": false,
    "count": 0,
    "updated": 1534196163
  },
  {
    "id": "db2b4175-8737-411c-8740-328e49ad4a20",
    "data": [
      {
        "text": "is there someone else i can call",
        "userDefined": false
      }
    ],
    "isTemplate": false,
    "count": 0,
    "updated": 1534196163
  },
  {
    "id": "08adc602-9ea1-4997-9576-86d2022d21b8",
    "data": [
      {
        "text": "what other number can i call",
        "userDefined": false
      }
    ],
    "isTemplate": false,
    "count": 0,
    "updated": 1534196163
  },
  {
    "id": "9c202249-96ed-4c6f-9266-dde3e78737d0",
    "data": [
      {
        "text": "who else can i call",
        "userDefined": false
      }
    ],
    "isTemplate": false,
    "count": 0,
    "updated": 1534196163
  },
  {
    "id": "51ddc5fe-6647-4658-90a1-9a9356ee1e52",
    "data": [
      {
        "text": "no ",
        "userDefined": false
      },
      {
        "text": "one",
        "meta": "@sys.ignore",
        "userDefined": false
      },
      {
        "text": " picked up",
        "userDefined": false
      }
    ],
    "isTemplate": false,
    "count": 0,
    "updated": 1534195801
  },
  {
    "id": "4b8e41bd-e717-40b6-ac26-c84535502a80",
    "data": [
      {
        "text": "that didn\u0027t answer my question",
        "userDefined": false
      }
    ],
    "isTemplate": false,
    "count": 0,
    "updated": 1533942687
  },
  {
    "id": "f69dee9a-2a66-4697-a225-29c11087ce24",
    "data": [
      {
        "text": "i still need ",
        "userDefined": false
      },
      {
        "text": "help",
        "meta": "@sys.ignore",
        "userDefined": false
      }
    ],
    "isTemplate": false,
    "count": 0,
    "updated": 1533942687
  },
  {
    "id": "27e2f341-3097-4e1f-ba28-041e0a1add6a",
    "data": [
      {
        "text": "what other numbers are there",
        "userDefined": false
      }
    ],
    "isTemplate": false,
    "count": 0,
    "updated": 1533942687
  },
  {
    "id": "acd7783b-d37b-4f2e-b623-ce6e0e0738c3",
    "data": [
      {
        "text": "that number didnt work",
        "userDefined": false
      }
    ],
    "isTemplate": false,
    "count": 0,
    "updated": 1533942687
  }
]