[
  {
    "id": "73eb8922-b673-4e1d-a991-cb33baded5a5",
    "data": [
      {
        "text": "how expensive are they",
        "userDefined": false
      }
    ],
    "isTemplate": false,
    "count": 0,
    "updated": 0
  },
  {
    "id": "1f8c61c1-15d4-45a0-a2d2-187cbf438301",
    "data": [
      {
        "text": "can you give me a quote for that",
        "meta": "@sys.ignore",
        "userDefined": false
      }
    ],
    "isTemplate": false,
    "count": 0,
    "updated": 1536179309
  },
  {
    "id": "1daab1cf-dd97-402d-9407-9fab253a5d49",
    "data": [
      {
        "text": "you cant give me a quote?",
        "userDefined": false
      }
    ],
    "isTemplate": false,
    "count": 1,
    "updated": 0
  },
  {
    "id": "af57cd8a-d2a1-4d85-9b4a-7a8d8d4682d3",
    "data": [
      {
        "text": "what are your rates?",
        "userDefined": false
      }
    ],
    "isTemplate": false,
    "count": 0,
    "updated": 1535751580
  },
  {
    "id": "1a220d97-afa6-4bb8-af67-57a53c866522",
    "data": [
      {
        "text": "what is typical rent",
        "userDefined": false
      }
    ],
    "isTemplate": false,
    "count": 0,
    "updated": 1535751580
  },
  {
    "id": "04cd1e61-8af7-40e9-9c24-f4e70bc7b713",
    "data": [
      {
        "text": "how much",
        "meta": "@sys.ignore",
        "userDefined": false
      },
      {
        "text": " can i expect to pay ",
        "userDefined": false
      },
      {
        "text": "a month",
        "meta": "@sys.ignore",
        "userDefined": false
      }
    ],
    "isTemplate": false,
    "count": 0,
    "updated": 1536179309
  },
  {
    "id": "97fa81d4-67ce-461b-83ab-d32491f729d5",
    "data": [
      {
        "text": "how expensive is an apartment",
        "userDefined": false
      }
    ],
    "isTemplate": false,
    "count": 0,
    "updated": 1535751580
  },
  {
    "id": "d86ec2b2-2a59-4c85-91a2-bf1055945f55",
    "data": [
      {
        "text": "are your ",
        "userDefined": false
      },
      {
        "text": "prices",
        "meta": "@sys.ignore",
        "userDefined": false
      },
      {
        "text": " affordable",
        "userDefined": false
      }
    ],
    "isTemplate": false,
    "count": 0,
    "updated": 1536179309
  },
  {
    "id": "0a0fde69-1faa-4318-8c5a-9a6ecf0a6b14",
    "data": [
      {
        "text": "daily rate of ",
        "userDefined": false
      },
      {
        "text": "olympic and olive",
        "alias": "query",
        "meta": "@sys.any",
        "userDefined": true
      },
      {
        "text": "?",
        "userDefined": false
      }
    ],
    "isTemplate": false,
    "count": 0,
    "updated": 1536256557
  },
  {
    "id": "af9c1126-10ec-4cd5-bc52-244900ae4cea",
    "data": [
      {
        "text": "whats",
        "meta": "@sys.ignore",
        "userDefined": false
      },
      {
        "text": " the highest going rate of an apartment",
        "userDefined": false
      }
    ],
    "isTemplate": false,
    "count": 0,
    "updated": 1536179309
  },
  {
    "id": "982d94e1-27e2-46bd-907a-a5e04107d9a8",
    "data": [
      {
        "text": "whats average rent",
        "userDefined": false
      }
    ],
    "isTemplate": false,
    "count": 0,
    "updated": 1535751580
  },
  {
    "id": "1b13162b-394d-4570-9cbe-e791ddd72745",
    "data": [
      {
        "text": "how much",
        "alias": "price",
        "meta": "@price",
        "userDefined": false
      },
      {
        "text": " does an oakwood typically ",
        "userDefined": false
      },
      {
        "text": "cost",
        "meta": "@sys.ignore",
        "userDefined": false
      }
    ],
    "isTemplate": false,
    "count": 0,
    "updated": 1536179309
  },
  {
    "id": "4f71c2cb-093e-499b-80ab-87606c7fccc6",
    "data": [
      {
        "text": "what\u0027s base rent",
        "userDefined": false
      }
    ],
    "isTemplate": false,
    "count": 0,
    "updated": 1535751580
  },
  {
    "id": "c2d4a0ac-9712-464b-b78b-672c77c96f72",
    "data": [
      {
        "text": "what are your ",
        "userDefined": false
      },
      {
        "text": "prices",
        "meta": "@sys.ignore",
        "userDefined": false
      }
    ],
    "isTemplate": false,
    "count": 0,
    "updated": 1536179309
  },
  {
    "id": "7fd7e1b0-af44-4a8d-8e15-68bbb50b52c0",
    "data": [
      {
        "text": "what are your priceswhat",
        "userDefined": false
      }
    ],
    "isTemplate": false,
    "count": 0,
    "updated": 1535751580
  },
  {
    "id": "cbba1e99-4168-4862-a087-6170c0733867",
    "data": [
      {
        "text": "how much is",
        "meta": "@sys.ignore",
        "userDefined": false
      },
      {
        "text": " a ",
        "userDefined": false
      },
      {
        "text": "double",
        "meta": "@sys.ignore",
        "userDefined": false
      },
      {
        "text": " in ",
        "userDefined": false
      },
      {
        "text": "france",
        "alias": "query",
        "meta": "@sys.any",
        "userDefined": true
      },
      {
        "text": " in ",
        "userDefined": false
      },
      {
        "text": "yen",
        "meta": "@sys.ignore",
        "userDefined": false
      }
    ],
    "isTemplate": false,
    "count": 0,
    "updated": 1536256557
  },
  {
    "id": "6977a856-f176-4e62-bf65-54f964c39325",
    "data": [
      {
        "text": "What is the price",
        "meta": "@sys.ignore",
        "userDefined": false
      },
      {
        "text": " in ",
        "userDefined": false
      },
      {
        "text": "poland",
        "alias": "query",
        "meta": "@sys.any",
        "userDefined": true
      },
      {
        "text": " for a ",
        "userDefined": false
      },
      {
        "text": "single",
        "meta": "@sys.ignore",
        "userDefined": false
      },
      {
        "text": " ",
        "userDefined": false
      },
      {
        "text": "over the year",
        "meta": "@sys.ignore",
        "userDefined": false
      },
      {
        "text": " in ",
        "userDefined": false
      },
      {
        "text": "zloty",
        "meta": "@sys.ignore",
        "userDefined": true
      }
    ],
    "isTemplate": false,
    "count": 0,
    "updated": 1536256557
  },
  {
    "id": "6a943c32-7a2f-4102-8193-2031f30e930e",
    "data": [
      {
        "text": "Whats a ",
        "userDefined": false
      },
      {
        "text": "double",
        "meta": "@sys.ignore",
        "userDefined": true
      },
      {
        "text": " in ",
        "userDefined": false
      },
      {
        "text": "japan",
        "alias": "query",
        "meta": "@sys.any",
        "userDefined": true
      },
      {
        "text": " over the ",
        "userDefined": false
      },
      {
        "text": "summer",
        "meta": "@sys.ignore",
        "userDefined": false
      },
      {
        "text": " in ",
        "userDefined": false
      },
      {
        "text": "JPY",
        "meta": "@sys.ignore",
        "userDefined": false
      }
    ],
    "isTemplate": false,
    "count": 0,
    "updated": 1536256557
  },
  {
    "id": "b30e35b3-5216-4ad5-903c-2b57390470ae",
    "data": [
      {
        "text": "what is the price",
        "meta": "@sys.ignore",
        "userDefined": false
      },
      {
        "text": " in ",
        "userDefined": false
      },
      {
        "text": "france",
        "alias": "query",
        "meta": "@sys.any",
        "userDefined": true
      },
      {
        "text": " for a ",
        "userDefined": false
      },
      {
        "text": "single",
        "meta": "@sys.ignore",
        "userDefined": false
      },
      {
        "text": " in ",
        "userDefined": false
      },
      {
        "text": "january",
        "meta": "@sys.ignore",
        "userDefined": false
      },
      {
        "text": " in ",
        "userDefined": false
      },
      {
        "text": "JPY",
        "meta": "@sys.ignore",
        "userDefined": false
      }
    ],
    "isTemplate": false,
    "count": 0,
    "updated": 1536256557
  },
  {
    "id": "3f48ea33-3d5b-4b68-8cd4-fad6e7972934",
    "data": [
      {
        "text": "what is the price",
        "meta": "@sys.ignore",
        "userDefined": false
      },
      {
        "text": " for a ",
        "userDefined": false
      },
      {
        "text": "double",
        "meta": "@sys.ignore",
        "userDefined": false
      },
      {
        "text": " in ",
        "userDefined": false
      },
      {
        "text": "new hampshire",
        "alias": "query",
        "meta": "@sys.any",
        "userDefined": true
      },
      {
        "text": " in ",
        "userDefined": false
      },
      {
        "text": "june",
        "meta": "@sys.ignore",
        "userDefined": false
      },
      {
        "text": " in ",
        "userDefined": false
      },
      {
        "text": "PLN",
        "meta": "@sys.ignore",
        "userDefined": false
      }
    ],
    "isTemplate": false,
    "count": 0,
    "updated": 1536256557
  },
  {
    "id": "1aa3277c-32c1-473d-a7a0-6a17981c8ec9",
    "data": [
      {
        "text": "what is the price",
        "meta": "@sys.ignore",
        "userDefined": false
      },
      {
        "text": " in the ",
        "userDefined": false
      },
      {
        "text": "spring",
        "meta": "@sys.ignore",
        "userDefined": false
      },
      {
        "text": " for a ",
        "userDefined": false
      },
      {
        "text": "single",
        "meta": "@sys.ignore",
        "userDefined": false
      },
      {
        "text": " in ",
        "userDefined": false
      },
      {
        "text": "fall river",
        "alias": "query",
        "meta": "@sys.any",
        "userDefined": true
      },
      {
        "text": " in ",
        "userDefined": false
      },
      {
        "text": "EUR",
        "meta": "@sys.ignore",
        "userDefined": false
      }
    ],
    "isTemplate": false,
    "count": 0,
    "updated": 1536256557
  },
  {
    "id": "af331b44-61b6-4443-b58e-eb5d5c50332f",
    "data": [
      {
        "text": "in ",
        "userDefined": false
      },
      {
        "text": "michigan",
        "alias": "query",
        "meta": "@sys.any",
        "userDefined": true
      },
      {
        "text": " ",
        "userDefined": false
      },
      {
        "text": "whats the price",
        "meta": "@sys.ignore",
        "userDefined": false
      }
    ],
    "isTemplate": false,
    "count": 0,
    "updated": 1536256557
  },
  {
    "id": "7179babb-9847-444e-9a6b-6a37d844677a",
    "data": [
      {
        "text": "what is the price",
        "meta": "@sys.ignore",
        "userDefined": false
      },
      {
        "text": " in the ",
        "userDefined": false
      },
      {
        "text": "spring",
        "meta": "@sys.ignore",
        "userDefined": true
      },
      {
        "text": " for a ",
        "userDefined": false
      },
      {
        "text": "single",
        "meta": "@sys.ignore",
        "userDefined": false
      },
      {
        "text": " in ",
        "userDefined": false
      },
      {
        "text": "fall river",
        "alias": "query",
        "meta": "@sys.any",
        "userDefined": true
      }
    ],
    "isTemplate": false,
    "count": 1,
    "updated": 1536256557
  },
  {
    "id": "b071d49c-2af7-40e2-8b1f-152f95416b19",
    "data": [
      {
        "text": "what is the price",
        "meta": "@sys.ignore",
        "userDefined": false
      },
      {
        "text": " for a ",
        "userDefined": false
      },
      {
        "text": "double",
        "meta": "@sys.ignore",
        "userDefined": false
      },
      {
        "text": " in ",
        "userDefined": false
      },
      {
        "text": "new hampshire",
        "alias": "query",
        "meta": "@sys.any",
        "userDefined": true
      },
      {
        "text": " in ",
        "userDefined": false
      },
      {
        "text": "june",
        "meta": "@sys.ignore",
        "userDefined": false
      }
    ],
    "isTemplate": false,
    "count": 1,
    "updated": 1536256557
  },
  {
    "id": "92c5f3db-fe9c-427a-a41c-c5af2b6264c5",
    "data": [
      {
        "text": "what is the price",
        "meta": "@sys.ignore",
        "userDefined": false
      },
      {
        "text": " in ",
        "userDefined": false
      },
      {
        "text": "may",
        "meta": "@sys.ignore",
        "userDefined": false
      },
      {
        "text": " for a ",
        "userDefined": false
      },
      {
        "text": "double",
        "meta": "@sys.ignore",
        "userDefined": false
      },
      {
        "text": " in ",
        "userDefined": false
      },
      {
        "text": "new hampshire",
        "alias": "query",
        "meta": "@sys.any",
        "userDefined": true
      }
    ],
    "isTemplate": false,
    "count": 1,
    "updated": 1536256557
  },
  {
    "id": "497c2c58-76bc-4077-985d-437fded75d84",
    "data": [
      {
        "text": "what is the pwhat is the ",
        "userDefined": false
      },
      {
        "text": "price",
        "meta": "@sys.ignore",
        "userDefined": false
      },
      {
        "text": " in ",
        "userDefined": false
      },
      {
        "text": "france",
        "meta": "@sys.ignore",
        "userDefined": false
      },
      {
        "text": " for a ",
        "userDefined": false
      },
      {
        "text": "single",
        "meta": "@sys.ignore",
        "userDefined": false
      },
      {
        "text": " in januaryrice in france for a single in ",
        "userDefined": false
      },
      {
        "text": "january",
        "meta": "@sys.ignore",
        "userDefined": false
      }
    ],
    "isTemplate": false,
    "count": 2,
    "updated": 1536179309
  },
  {
    "id": "4a00f0c7-2864-4cd0-a31f-2308aa0ee376",
    "data": [
      {
        "text": "what is the price",
        "meta": "@sys.ignore",
        "userDefined": false
      },
      {
        "text": " in ",
        "userDefined": false
      },
      {
        "text": "france",
        "alias": "query",
        "meta": "@sys.any",
        "userDefined": true
      },
      {
        "text": " for a ",
        "userDefined": false
      },
      {
        "text": "single",
        "meta": "@sys.ignore",
        "userDefined": false
      },
      {
        "text": " in ",
        "userDefined": false
      },
      {
        "text": "january",
        "meta": "@sys.ignore",
        "userDefined": false
      }
    ],
    "isTemplate": false,
    "count": 2,
    "updated": 1536256557
  },
  {
    "id": "8b227d61-1c8f-4f0c-8329-3adad08bb62a",
    "data": [
      {
        "text": "whats the price",
        "meta": "@sys.ignore",
        "userDefined": false
      },
      {
        "text": " in ",
        "userDefined": false
      },
      {
        "text": "london",
        "alias": "query",
        "meta": "@sys.any",
        "userDefined": true
      },
      {
        "text": " in the ",
        "userDefined": false
      },
      {
        "text": "spring",
        "meta": "@sys.ignore",
        "userDefined": false
      },
      {
        "text": " for a ",
        "userDefined": false
      },
      {
        "text": "single",
        "meta": "@sys.ignore",
        "userDefined": false
      },
      {
        "text": " in ",
        "userDefined": false
      },
      {
        "text": "USD",
        "meta": "@sys.ignore",
        "userDefined": false
      }
    ],
    "isTemplate": false,
    "count": 0,
    "updated": 1536256557
  },
  {
    "id": "bfbc7178-e2e4-4e43-8880-077a00c19fd9",
    "data": [
      {
        "text": "what the ",
        "userDefined": false
      },
      {
        "text": "price",
        "meta": "@sys.ignore",
        "userDefined": false
      },
      {
        "text": " in ",
        "userDefined": false
      },
      {
        "text": "london",
        "alias": "query",
        "meta": "@sys.any",
        "userDefined": true
      },
      {
        "text": " in the ",
        "userDefined": false
      },
      {
        "text": "spring",
        "meta": "@sys.ignore",
        "userDefined": false
      },
      {
        "text": " for a ",
        "userDefined": false
      },
      {
        "text": "single",
        "meta": "@sys.ignore",
        "userDefined": false
      }
    ],
    "isTemplate": false,
    "count": 3,
    "updated": 1536256557
  },
  {
    "id": "18fc4702-2cd7-4ab2-98d6-e3b2231e9504",
    "data": [
      {
        "text": "whats",
        "alias": "price",
        "meta": "@price",
        "userDefined": true
      },
      {
        "text": " ",
        "userDefined": false
      },
      {
        "text": "london",
        "alias": "query",
        "meta": "@sys.any",
        "userDefined": true
      },
      {
        "text": " ",
        "userDefined": false
      },
      {
        "text": "cost",
        "meta": "@sys.ignore",
        "userDefined": false
      },
      {
        "text": " for a ",
        "userDefined": false
      },
      {
        "text": "single",
        "meta": "@sys.ignore",
        "userDefined": false
      },
      {
        "text": " in ",
        "userDefined": false
      },
      {
        "text": "dec",
        "meta": "@sys.ignore",
        "userDefined": false
      }
    ],
    "isTemplate": false,
    "count": 2,
    "updated": 1536256557
  },
  {
    "id": "6c6f6c1f-2725-459b-9686-d5280cbc04b4",
    "data": [
      {
        "text": "what is the price",
        "meta": "@sys.ignore",
        "userDefined": false
      },
      {
        "text": " for a ",
        "userDefined": false
      },
      {
        "text": "1 bedroom",
        "meta": "@sys.ignore",
        "userDefined": false
      },
      {
        "text": " in ",
        "userDefined": false
      },
      {
        "text": "riyadh",
        "alias": "query",
        "meta": "@sys.any",
        "userDefined": true
      },
      {
        "text": " in ",
        "userDefined": false
      },
      {
        "text": "spring",
        "meta": "@sys.ignore",
        "userDefined": false
      }
    ],
    "isTemplate": false,
    "count": 1,
    "updated": 1536256557
  },
  {
    "id": "f4d1e1fd-72a6-45f5-aff9-970a274da358",
    "data": [
      {
        "text": "what is the price",
        "meta": "@sys.ignore",
        "userDefined": false
      },
      {
        "text": " for a ",
        "userDefined": false
      },
      {
        "text": "one bedroom",
        "meta": "@sys.ignore",
        "userDefined": false
      },
      {
        "text": " in ",
        "userDefined": false
      },
      {
        "text": "riyadh",
        "alias": "query",
        "meta": "@sys.any",
        "userDefined": true
      },
      {
        "text": " during ",
        "userDefined": false
      },
      {
        "text": "spring",
        "meta": "@sys.ignore",
        "userDefined": false
      }
    ],
    "isTemplate": false,
    "count": 1,
    "updated": 1536256557
  },
  {
    "id": "96fbd02c-e83d-4f60-86b4-dc259a6539d8",
    "data": [
      {
        "text": "price",
        "meta": "@sys.ignore",
        "userDefined": false
      },
      {
        "text": " in ",
        "userDefined": false
      },
      {
        "text": "london",
        "alias": "query",
        "meta": "@sys.any",
        "userDefined": true
      },
      {
        "text": " for ",
        "userDefined": false
      },
      {
        "text": "3 bedroom",
        "meta": "@sys.ignore",
        "userDefined": false
      },
      {
        "text": " in ",
        "userDefined": false
      },
      {
        "text": "spring",
        "meta": "@sys.ignore",
        "userDefined": false
      }
    ],
    "isTemplate": false,
    "count": 1,
    "updated": 1536256557
  },
  {
    "id": "cdc4a1d5-9089-40ff-9e22-3071ee9bc0b2",
    "data": [
      {
        "text": "price",
        "meta": "@sys.ignore",
        "userDefined": false
      },
      {
        "text": " in ",
        "userDefined": false
      },
      {
        "text": "london",
        "alias": "query",
        "meta": "@sys.any",
        "userDefined": true
      },
      {
        "text": " for ",
        "userDefined": false
      },
      {
        "text": "3 bedroom",
        "meta": "@sys.ignore",
        "userDefined": false
      },
      {
        "text": " ",
        "userDefined": false
      },
      {
        "text": "spring",
        "meta": "@sys.ignore",
        "userDefined": false
      }
    ],
    "isTemplate": false,
    "count": 1,
    "updated": 1536256557
  },
  {
    "id": "f16ddaf9-d772-4e1d-8ded-60c289ae6301",
    "data": [
      {
        "text": "what is the price",
        "meta": "@sys.ignore",
        "userDefined": false
      },
      {
        "text": " for a ",
        "userDefined": false
      },
      {
        "text": "single",
        "meta": "@sys.ignore",
        "userDefined": false
      },
      {
        "text": " in ",
        "userDefined": false
      },
      {
        "text": "warsaw",
        "alias": "query",
        "meta": "@sys.any",
        "userDefined": true
      },
      {
        "text": " in the ",
        "userDefined": false
      },
      {
        "text": "fall",
        "meta": "@sys.ignore",
        "userDefined": false
      }
    ],
    "isTemplate": false,
    "count": 1,
    "updated": 1536256557
  },
  {
    "id": "66b23a11-84fa-48a7-bdec-085c164d2f3b",
    "data": [
      {
        "text": "what is the price",
        "meta": "@sys.ignore",
        "userDefined": false
      },
      {
        "text": " in ",
        "userDefined": false
      },
      {
        "text": "warsaw",
        "alias": "query",
        "meta": "@sys.any",
        "userDefined": true
      }
    ],
    "isTemplate": false,
    "count": 1,
    "updated": 1536256557
  },
  {
    "id": "0b7e788a-2e27-4e6c-84f5-436d3648c1a1",
    "data": [
      {
        "text": "What is the price",
        "meta": "@sys.ignore",
        "userDefined": false
      },
      {
        "text": " ",
        "userDefined": false
      },
      {
        "text": "downtown la",
        "alias": "query",
        "meta": "@sys.any",
        "userDefined": true
      },
      {
        "text": " for a ",
        "userDefined": false
      },
      {
        "text": "double",
        "meta": "@sys.ignore",
        "userDefined": false
      },
      {
        "text": " in ",
        "userDefined": false
      },
      {
        "text": "the",
        "meta": "@sys.ignore",
        "userDefined": false
      },
      {
        "text": " ",
        "userDefined": false
      },
      {
        "text": "spring",
        "meta": "@sys.ignore",
        "userDefined": false
      }
    ],
    "isTemplate": false,
    "count": 2,
    "updated": 1536256557
  },
  {
    "id": "f93b60b1-9806-44fb-a39e-264840eeff58",
    "data": [
      {
        "text": "What is the price",
        "meta": "@sys.ignore",
        "userDefined": false
      },
      {
        "text": " for a ",
        "userDefined": false
      },
      {
        "text": "single",
        "meta": "@sys.ignore",
        "userDefined": false
      },
      {
        "text": " in ",
        "userDefined": false
      },
      {
        "text": "los angeles",
        "alias": "query",
        "meta": "@sys.any",
        "userDefined": true
      },
      {
        "text": " ",
        "userDefined": false
      },
      {
        "text": "over the year",
        "meta": "@sys.ignore",
        "userDefined": false
      }
    ],
    "isTemplate": false,
    "count": 1,
    "updated": 1536256557
  },
  {
    "id": "54f676ec-2389-4b32-a8a1-3268cad5a62f",
    "data": [
      {
        "text": "What is the price",
        "meta": "@sys.ignore",
        "userDefined": false
      },
      {
        "text": " for a ",
        "userDefined": false
      },
      {
        "text": "single",
        "meta": "@sys.ignore",
        "userDefined": false
      },
      {
        "text": " in ",
        "userDefined": false
      },
      {
        "text": "los angeles",
        "alias": "query",
        "meta": "@sys.any",
        "userDefined": true
      },
      {
        "text": " in ",
        "userDefined": false
      },
      {
        "text": "january",
        "meta": "@sys.ignore",
        "userDefined": false
      }
    ],
    "isTemplate": false,
    "count": 1,
    "updated": 1536256557
  },
  {
    "id": "b0ac60fd-e75d-4fe4-9958-e781015b2a59",
    "data": [
      {
        "text": "What is the price",
        "meta": "@sys.ignore",
        "userDefined": false
      },
      {
        "text": " for a ",
        "userDefined": false
      },
      {
        "text": "single",
        "meta": "@sys.ignore",
        "userDefined": false
      },
      {
        "text": " in ",
        "userDefined": false
      },
      {
        "text": "london",
        "alias": "query",
        "meta": "@sys.any",
        "userDefined": true
      },
      {
        "text": " in ",
        "userDefined": false
      },
      {
        "text": "january",
        "meta": "@sys.ignore",
        "userDefined": false
      }
    ],
    "isTemplate": false,
    "count": 1,
    "updated": 1536256557
  },
  {
    "id": "c3b2e5e3-5aab-41f0-b682-2104d73e6642",
    "data": [
      {
        "text": "what is the price",
        "meta": "@sys.ignore",
        "userDefined": false
      },
      {
        "text": " of a ",
        "userDefined": false
      },
      {
        "text": "double",
        "meta": "@sys.ignore",
        "userDefined": false
      },
      {
        "text": " in ",
        "userDefined": false
      },
      {
        "text": "new york",
        "alias": "query",
        "meta": "@sys.any",
        "userDefined": true
      },
      {
        "text": " in ",
        "userDefined": false
      },
      {
        "text": "jan",
        "meta": "@sys.ignore",
        "userDefined": false
      }
    ],
    "isTemplate": false,
    "count": 1,
    "updated": 1536256557
  },
  {
    "id": "cc88f8aa-58e2-4fb0-bca3-2fd25a2b78a7",
    "data": [
      {
        "text": "what is the price",
        "meta": "@sys.ignore",
        "userDefined": false
      },
      {
        "text": " of a ",
        "userDefined": false
      },
      {
        "text": "2 bedroom",
        "meta": "@sys.ignore",
        "userDefined": false
      },
      {
        "text": " in ",
        "userDefined": false
      },
      {
        "text": "des moines",
        "alias": "query",
        "meta": "@sys.any",
        "userDefined": true
      },
      {
        "text": " this ",
        "userDefined": false
      },
      {
        "text": "year",
        "meta": "@sys.ignore",
        "userDefined": false
      }
    ],
    "isTemplate": false,
    "count": 1,
    "updated": 1536256557
  },
  {
    "id": "5713a300-3f01-48aa-ab16-41457ef9fb54",
    "data": [
      {
        "text": "whats the price",
        "meta": "@sys.ignore",
        "userDefined": false
      },
      {
        "text": " in ",
        "userDefined": false
      },
      {
        "text": "dulles",
        "alias": "query",
        "meta": "@sys.any",
        "userDefined": true
      },
      {
        "text": " for a ",
        "userDefined": false
      },
      {
        "text": "single",
        "meta": "@sys.ignore",
        "userDefined": false
      },
      {
        "text": " over ",
        "userDefined": false
      },
      {
        "text": "the year",
        "meta": "@sys.ignore",
        "userDefined": false
      }
    ],
    "isTemplate": false,
    "count": 1,
    "updated": 1536256557
  },
  {
    "id": "7357139d-7951-43fc-9ac3-886e5d8f4c04",
    "data": [
      {
        "text": "how much is",
        "meta": "@sys.ignore",
        "userDefined": false
      },
      {
        "text": " rent in ",
        "userDefined": false
      },
      {
        "text": "Sweden Stockholm",
        "alias": "query",
        "meta": "@sys.any",
        "userDefined": true
      },
      {
        "text": " for a ",
        "userDefined": false
      },
      {
        "text": "single",
        "meta": "@sys.ignore",
        "userDefined": false
      },
      {
        "text": " in ",
        "userDefined": false
      },
      {
        "text": "jan",
        "meta": "@sys.ignore",
        "userDefined": false
      }
    ],
    "isTemplate": false,
    "count": 1,
    "updated": 1536256557
  },
  {
    "id": "7e91a848-55db-49f8-ae96-1462af2cc776",
    "data": [
      {
        "text": "florida",
        "alias": "query",
        "meta": "@sys.any",
        "userDefined": true
      },
      {
        "text": " ",
        "userDefined": false
      },
      {
        "text": "summer",
        "meta": "@sys.ignore",
        "userDefined": false
      },
      {
        "text": " ",
        "userDefined": false
      },
      {
        "text": "double",
        "meta": "@sys.ignore",
        "userDefined": false
      }
    ],
    "isTemplate": false,
    "count": 1,
    "updated": 1536256557
  },
  {
    "id": "32a97c5c-94e6-4311-9780-f34d5ccc5908",
    "data": [
      {
        "text": "whats the price",
        "meta": "@sys.ignore",
        "userDefined": false
      },
      {
        "text": " in ",
        "userDefined": false
      },
      {
        "text": "white",
        "alias": "query",
        "meta": "@sys.any",
        "userDefined": true
      },
      {
        "text": " for a ",
        "userDefined": false
      },
      {
        "text": "double",
        "meta": "@sys.ignore",
        "userDefined": false
      },
      {
        "text": " in ",
        "userDefined": false
      },
      {
        "text": "january",
        "meta": "@sys.ignore",
        "userDefined": false
      }
    ],
    "isTemplate": false,
    "count": 1,
    "updated": 1536256557
  },
  {
    "id": "5127d7da-6c8d-4a5f-859d-f9c067a45871",
    "data": [
      {
        "text": "what is the price",
        "meta": "@sys.ignore",
        "userDefined": false
      },
      {
        "text": " for a ",
        "userDefined": false
      },
      {
        "text": "single",
        "meta": "@sys.ignore",
        "userDefined": false
      },
      {
        "text": " in ",
        "userDefined": false
      },
      {
        "text": "north carolina",
        "alias": "query",
        "meta": "@sys.any",
        "userDefined": true
      }
    ],
    "isTemplate": false,
    "count": 1,
    "updated": 1536256557
  },
  {
    "id": "8eca5b9e-64f3-494f-8da1-3af349b92b00",
    "data": [
      {
        "text": "whats the price",
        "meta": "@sys.ignore",
        "userDefined": false
      },
      {
        "text": " in ",
        "userDefined": false
      },
      {
        "text": "frence",
        "alias": "query",
        "meta": "@sys.any",
        "userDefined": true
      },
      {
        "text": " for a ",
        "userDefined": false
      },
      {
        "text": "single",
        "meta": "@sys.ignore",
        "userDefined": false
      },
      {
        "text": " over the ",
        "userDefined": false
      },
      {
        "text": "summer",
        "meta": "@sys.ignore",
        "userDefined": false
      }
    ],
    "isTemplate": false,
    "count": 1,
    "updated": 1536256557
  },
  {
    "id": "56c83058-b4eb-422d-907d-a841dee68a6b",
    "data": [
      {
        "text": "Hi! ",
        "userDefined": false
      },
      {
        "text": "I was just wondering if I could get pricing",
        "meta": "@sys.ignore",
        "userDefined": false
      },
      {
        "text": " for a ",
        "userDefined": false
      },
      {
        "text": "studio",
        "alias": "types",
        "meta": "@types",
        "userDefined": true
      },
      {
        "text": " or one bedroom furnished apartment at the ",
        "userDefined": false
      },
      {
        "text": "Toluca Hills",
        "alias": "query",
        "meta": "@sys.any",
        "userDefined": true
      },
      {
        "text": " Locations!",
        "userDefined": false
      }
    ],
    "isTemplate": false,
    "count": 2,
    "updated": 1536256557
  },
  {
    "id": "22d9e9d5-3571-493e-af5a-068ad0924b82",
    "data": [
      {
        "text": "how much is",
        "meta": "@sys.ignore",
        "userDefined": false
      },
      {
        "text": " a ",
        "userDefined": false
      },
      {
        "text": "single",
        "meta": "@sys.ignore",
        "userDefined": false
      },
      {
        "text": " in ",
        "userDefined": false
      },
      {
        "text": "san francisco",
        "alias": "query",
        "meta": "@sys.any",
        "userDefined": true
      },
      {
        "text": " during ",
        "userDefined": false
      },
      {
        "text": "december",
        "meta": "@sys.ignore",
        "userDefined": false
      }
    ],
    "isTemplate": false,
    "count": 2,
    "updated": 1536256557
  },
  {
    "id": "d5d4322d-2c57-4658-8e56-1eca3314ab92",
    "data": [
      {
        "text": "What is the price",
        "meta": "@sys.ignore",
        "userDefined": false
      },
      {
        "text": " in ",
        "userDefined": false
      },
      {
        "text": "London",
        "alias": "query",
        "meta": "@sys.any",
        "userDefined": true
      },
      {
        "text": " for a ",
        "userDefined": false
      },
      {
        "text": "single",
        "meta": "@sys.ignore",
        "userDefined": false
      },
      {
        "text": " over the ",
        "userDefined": false
      },
      {
        "text": "summer",
        "meta": "@sys.ignore",
        "userDefined": false
      },
      {
        "text": "?",
        "userDefined": false
      }
    ],
    "isTemplate": false,
    "count": 2,
    "updated": 1536256557
  },
  {
    "id": "ff258a32-abc2-4f60-84d0-5bda1dd90a4f",
    "data": [
      {
        "text": "pricing",
        "meta": "@sys.ignore",
        "userDefined": false
      },
      {
        "text": " ",
        "userDefined": false
      },
      {
        "text": "for",
        "meta": "@sys.ignore",
        "userDefined": true
      },
      {
        "text": " ",
        "userDefined": false
      },
      {
        "text": "africa",
        "alias": "query",
        "meta": "@sys.any",
        "userDefined": true
      },
      {
        "text": " ",
        "userDefined": false
      },
      {
        "text": "over the",
        "meta": "@sys.ignore",
        "userDefined": true
      },
      {
        "text": " ",
        "userDefined": false
      },
      {
        "text": "summer",
        "meta": "@sys.ignore",
        "userDefined": false
      }
    ],
    "isTemplate": false,
    "count": 2,
    "updated": 1536256557
  },
  {
    "id": "68a1aa87-127e-43f2-948f-eaad5cf3c401",
    "data": [
      {
        "text": "what is the price",
        "meta": "@sys.ignore",
        "userDefined": false
      },
      {
        "text": " of a ",
        "userDefined": false
      },
      {
        "text": "2 bedroom",
        "meta": "@sys.ignore",
        "userDefined": false
      },
      {
        "text": " in ",
        "userDefined": false
      },
      {
        "text": "london",
        "alias": "query",
        "meta": "@sys.any",
        "userDefined": true
      },
      {
        "text": " this ",
        "userDefined": false
      },
      {
        "text": "year",
        "meta": "@sys.ignore",
        "userDefined": false
      }
    ],
    "isTemplate": false,
    "count": 1,
    "updated": 1536256557
  },
  {
    "id": "b8220b02-03ff-463d-b94d-d270f9987816",
    "data": [
      {
        "text": "how much does",
        "alias": "price",
        "meta": "@price",
        "userDefined": false
      },
      {
        "text": " an apartment ",
        "userDefined": false
      },
      {
        "text": "cost",
        "meta": "@sys.ignore",
        "userDefined": false
      },
      {
        "text": " ",
        "userDefined": false
      },
      {
        "text": "in",
        "meta": "@sys.ignore",
        "userDefined": true
      },
      {
        "text": " ",
        "userDefined": false
      },
      {
        "text": "London",
        "alias": "query",
        "meta": "@sys.any",
        "userDefined": true
      },
      {
        "text": " ",
        "userDefined": false
      },
      {
        "text": "for a",
        "meta": "@sys.ignore",
        "userDefined": true
      },
      {
        "text": " ",
        "userDefined": false
      },
      {
        "text": "single",
        "meta": "@sys.ignore",
        "userDefined": true
      },
      {
        "text": " ",
        "userDefined": false
      },
      {
        "text": "over",
        "meta": "@sys.ignore",
        "userDefined": true
      },
      {
        "text": " ",
        "userDefined": false
      },
      {
        "text": "the",
        "meta": "@sys.ignore",
        "userDefined": true
      },
      {
        "text": " ",
        "userDefined": false
      },
      {
        "text": "summer",
        "meta": "@sys.ignore",
        "userDefined": false
      }
    ],
    "isTemplate": false,
    "count": 1,
    "updated": 1536256557
  },
  {
    "id": "2e26a8e0-6c38-481b-ad52-e3174e7745c8",
    "data": [
      {
        "text": "what the ",
        "userDefined": false
      },
      {
        "text": "price",
        "meta": "@sys.ignore",
        "userDefined": false
      },
      {
        "text": " in ",
        "userDefined": false
      },
      {
        "text": "warszawa",
        "alias": "query",
        "meta": "@sys.any",
        "userDefined": true
      },
      {
        "text": " for a ",
        "userDefined": false
      },
      {
        "text": "double",
        "meta": "@sys.ignore",
        "userDefined": true
      },
      {
        "text": " in the ",
        "userDefined": false
      },
      {
        "text": "summer",
        "meta": "@sys.ignore",
        "userDefined": false
      }
    ],
    "isTemplate": false,
    "count": 1,
    "updated": 1536256557
  },
  {
    "id": "aed6e9d5-18d4-47e8-a5fa-7f8ef3dd36c6",
    "data": [
      {
        "text": "rate for a ",
        "userDefined": false
      },
      {
        "text": "studio",
        "alias": "types",
        "meta": "@types",
        "userDefined": true
      },
      {
        "text": " in ",
        "userDefined": false
      },
      {
        "text": "denver",
        "alias": "query",
        "meta": "@sys.any",
        "userDefined": true
      },
      {
        "text": " in ",
        "userDefined": false
      },
      {
        "text": "winter",
        "meta": "@sys.ignore",
        "userDefined": false
      }
    ],
    "isTemplate": false,
    "count": 1,
    "updated": 1536256557
  },
  {
    "id": "1f95f817-da6f-41c5-8d18-22a187dfeeb5",
    "data": [
      {
        "text": "pricing",
        "meta": "@sys.ignore",
        "userDefined": false
      },
      {
        "text": " in ",
        "userDefined": false
      },
      {
        "text": "des moines",
        "alias": "query",
        "meta": "@sys.any",
        "userDefined": true
      },
      {
        "text": " for ",
        "userDefined": false
      },
      {
        "text": "summer",
        "meta": "@sys.ignore",
        "userDefined": false
      },
      {
        "text": " and a ",
        "userDefined": false
      },
      {
        "text": "single",
        "meta": "@sys.ignore",
        "userDefined": false
      }
    ],
    "isTemplate": false,
    "count": 1,
    "updated": 1536256557
  },
  {
    "id": "4d5befc6-789c-49e6-a4c6-4b56b628b27b",
    "data": [
      {
        "text": "how much",
        "meta": "@sys.ignore",
        "userDefined": false
      },
      {
        "text": " for a ",
        "userDefined": false
      },
      {
        "text": "single",
        "meta": "@sys.ignore",
        "userDefined": false
      },
      {
        "text": " in ",
        "userDefined": false
      },
      {
        "text": "new zealand",
        "alias": "query",
        "meta": "@sys.any",
        "userDefined": true
      }
    ],
    "isTemplate": false,
    "count": 1,
    "updated": 1536256557
  },
  {
    "id": "c960859b-924d-49d0-bbb7-6b6f74dd2e59",
    "data": [
      {
        "text": "How much it is by day",
        "meta": "@sys.ignore",
        "userDefined": false
      },
      {
        "text": " for ",
        "userDefined": false
      },
      {
        "text": "one bedroom",
        "alias": "types",
        "meta": "@types",
        "userDefined": true
      },
      {
        "text": " apartment for a couple from ",
        "userDefined": false
      },
      {
        "text": "August the 1rst",
        "alias": "in-date",
        "meta": "@sys.date",
        "userDefined": true
      },
      {
        "text": " to ",
        "userDefined": false
      },
      {
        "text": "august the 31rst",
        "alias": "out-date",
        "meta": "@sys.date",
        "userDefined": true
      },
      {
        "text": " 20017? Thanks",
        "userDefined": false
      }
    ],
    "isTemplate": false,
    "count": 1,
    "updated": 1536256557
  },
  {
    "id": "893fa580-3c9e-4d0a-9d04-c3754857227e",
    "data": [
      {
        "text": "what is the price",
        "meta": "@sys.ignore",
        "userDefined": false
      },
      {
        "text": " in ",
        "userDefined": false
      },
      {
        "text": "kentucky",
        "alias": "query",
        "meta": "@sys.any",
        "userDefined": true
      },
      {
        "text": " for a ",
        "userDefined": false
      },
      {
        "text": "two bed",
        "alias": "types",
        "meta": "@types",
        "userDefined": true
      },
      {
        "text": " in the ",
        "userDefined": false
      },
      {
        "text": "winter",
        "meta": "@sys.ignore",
        "userDefined": false
      }
    ],
    "isTemplate": false,
    "count": 1,
    "updated": 1536256557
  },
  {
    "id": "635c2138-8405-4a59-b451-cbe7bea1ad80",
    "data": [
      {
        "text": "whats the price",
        "meta": "@sys.ignore",
        "userDefined": false
      },
      {
        "text": " in ",
        "userDefined": false
      },
      {
        "text": "dubai",
        "alias": "query",
        "meta": "@sys.any",
        "userDefined": true
      },
      {
        "text": " in ",
        "userDefined": false
      },
      {
        "text": "september",
        "meta": "@sys.ignore",
        "userDefined": false
      },
      {
        "text": " for a ",
        "userDefined": false
      },
      {
        "text": "single",
        "meta": "@sys.ignore",
        "userDefined": false
      }
    ],
    "isTemplate": false,
    "count": 1,
    "updated": 1536256557
  },
  {
    "id": "907cfc82-2227-471b-9ec6-f89295cd7ed6",
    "data": [
      {
        "text": "what is the price",
        "meta": "@sys.ignore",
        "userDefined": false
      },
      {
        "text": " in ",
        "userDefined": false
      },
      {
        "text": "mexico city",
        "alias": "query",
        "meta": "@sys.any",
        "userDefined": true
      },
      {
        "text": " during ",
        "userDefined": false
      },
      {
        "text": "december",
        "meta": "@sys.ignore",
        "userDefined": false
      }
    ],
    "isTemplate": false,
    "count": 1,
    "updated": 1536256557
  },
  {
    "id": "53d876a4-1e4a-4f58-aebd-897d03c815ba",
    "data": [
      {
        "text": "What is the price",
        "meta": "@sys.ignore",
        "userDefined": false
      },
      {
        "text": " in ",
        "userDefined": false
      },
      {
        "text": "London",
        "alias": "query",
        "meta": "@sys.any",
        "userDefined": true
      },
      {
        "text": " for a ",
        "userDefined": false
      },
      {
        "text": "single",
        "meta": "@sys.ignore",
        "userDefined": false
      },
      {
        "text": " over the ",
        "userDefined": false
      },
      {
        "text": "fall",
        "meta": "@sys.ignore",
        "userDefined": false
      },
      {
        "text": "?",
        "userDefined": false
      }
    ],
    "isTemplate": false,
    "count": 1,
    "updated": 1536256557
  },
  {
    "id": "d294958c-91ed-4198-b20c-be1046ccc427",
    "data": [
      {
        "text": "what is the price",
        "meta": "@sys.ignore",
        "userDefined": false
      },
      {
        "text": " in ",
        "userDefined": false
      },
      {
        "text": "kentucky",
        "alias": "query",
        "meta": "@sys.any",
        "userDefined": true
      },
      {
        "text": " for a ",
        "userDefined": false
      },
      {
        "text": "two bed",
        "meta": "@sys.ignore",
        "userDefined": false
      },
      {
        "text": " in ",
        "userDefined": false
      },
      {
        "text": "august",
        "meta": "@sys.ignore",
        "userDefined": false
      }
    ],
    "isTemplate": false,
    "count": 1,
    "updated": 1536256557
  },
  {
    "id": "1b22bb5c-323a-43ef-940e-e7e417ee6682",
    "data": [
      {
        "text": "how much",
        "alias": "price",
        "meta": "@price",
        "userDefined": false
      },
      {
        "text": " does it ",
        "userDefined": false
      },
      {
        "text": "cost",
        "meta": "@sys.ignore",
        "userDefined": false
      },
      {
        "text": " on average to rent an apartment in ",
        "userDefined": false
      },
      {
        "text": "miami",
        "alias": "query",
        "meta": "@sys.any",
        "userDefined": true
      },
      {
        "text": " over ",
        "userDefined": false
      },
      {
        "text": "the year",
        "meta": "@sys.ignore",
        "userDefined": false
      }
    ],
    "isTemplate": false,
    "count": 1,
    "updated": 1536256557
  },
  {
    "id": "0814dddd-bdd0-441b-972e-b1c5fbe7029e",
    "data": [
      {
        "text": "what is the price for an apartment",
        "meta": "@sys.ignore",
        "userDefined": false
      },
      {
        "text": " in ",
        "userDefined": false
      },
      {
        "text": "south carolina",
        "alias": "query",
        "meta": "@sys.any",
        "userDefined": true
      },
      {
        "text": " over the ",
        "userDefined": false
      },
      {
        "text": "summer",
        "meta": "@sys.ignore",
        "userDefined": false
      }
    ],
    "isTemplate": false,
    "count": 1,
    "updated": 1536256557
  },
  {
    "id": "089677c3-c7c8-418c-b50f-424bd4126518",
    "data": [
      {
        "text": "what is the price",
        "meta": "@sys.ignore",
        "userDefined": false
      },
      {
        "text": " in the ",
        "userDefined": false
      },
      {
        "text": "winter",
        "meta": "@sys.ignore",
        "userDefined": false
      }
    ],
    "isTemplate": false,
    "count": 1,
    "updated": 1536179309
  },
  {
    "id": "50b364e8-0f56-414f-8f3c-9afe3a8937c7",
    "data": [
      {
        "text": "how much is",
        "meta": "@sys.ignore",
        "userDefined": false
      },
      {
        "text": " rent for a ",
        "userDefined": false
      },
      {
        "text": "single",
        "meta": "@sys.ignore",
        "userDefined": false
      },
      {
        "text": " in ",
        "userDefined": false
      },
      {
        "text": "little rock",
        "alias": "query",
        "meta": "@sys.any",
        "userDefined": true
      },
      {
        "text": " over the ",
        "userDefined": false
      },
      {
        "text": "summer",
        "meta": "@sys.ignore",
        "userDefined": false
      }
    ],
    "isTemplate": false,
    "count": 2,
    "updated": 1536256557
  },
  {
    "id": "eac73db3-b737-411f-a936-29effa39671c",
    "data": [
      {
        "text": "how much is",
        "meta": "@sys.ignore",
        "userDefined": false
      },
      {
        "text": " a ",
        "userDefined": false
      },
      {
        "text": "single bedroom",
        "meta": "@sys.ignore",
        "userDefined": false
      },
      {
        "text": " in ",
        "userDefined": false
      },
      {
        "text": "los angeles",
        "alias": "query",
        "meta": "@sys.any",
        "userDefined": true
      },
      {
        "text": " over the ",
        "userDefined": false
      },
      {
        "text": "summer",
        "meta": "@sys.ignore",
        "userDefined": false
      }
    ],
    "isTemplate": false,
    "count": 2,
    "updated": 1536256557
  },
  {
    "id": "e2a4e032-45cb-4e95-a6af-6b7ee5e63969",
    "data": [
      {
        "text": "what is the price",
        "meta": "@sys.ignore",
        "userDefined": false
      },
      {
        "text": " in ",
        "userDefined": false
      },
      {
        "text": "germany dortmund",
        "alias": "query",
        "meta": "@sys.any",
        "userDefined": true
      },
      {
        "text": " for a ",
        "userDefined": false
      },
      {
        "text": "single",
        "meta": "@sys.ignore",
        "userDefined": false
      },
      {
        "text": " in the ",
        "userDefined": false
      },
      {
        "text": "fall",
        "meta": "@sys.ignore",
        "userDefined": false
      }
    ],
    "isTemplate": false,
    "count": 1,
    "updated": 1536256557
  },
  {
    "id": "42abf7e7-81b6-4005-bdf7-74f86c331a49",
    "data": [
      {
        "text": "how much is",
        "meta": "@sys.ignore",
        "userDefined": true
      },
      {
        "text": " a ",
        "userDefined": false
      },
      {
        "text": "single",
        "meta": "@sys.ignore",
        "userDefined": false
      },
      {
        "text": " in ",
        "userDefined": false
      },
      {
        "text": "san francisco",
        "alias": "query",
        "meta": "@sys.any",
        "userDefined": true
      },
      {
        "text": " during ",
        "userDefined": false
      },
      {
        "text": "dec",
        "meta": "@sys.ignore",
        "userDefined": false
      }
    ],
    "isTemplate": false,
    "count": 3,
    "updated": 1536256557
  },
  {
    "id": "addbe958-8e0e-48bc-82d6-4526a957816e",
    "data": [
      {
        "text": "What is the price",
        "meta": "@sys.ignore",
        "userDefined": false
      },
      {
        "text": " in ",
        "userDefined": false
      },
      {
        "text": "London",
        "alias": "query",
        "meta": "@sys.any",
        "userDefined": true
      },
      {
        "text": " for a ",
        "userDefined": false
      },
      {
        "text": "single",
        "meta": "@sys.ignore",
        "userDefined": false
      },
      {
        "text": " over the ",
        "userDefined": false
      },
      {
        "text": "spring",
        "meta": "@sys.ignore",
        "userDefined": false
      },
      {
        "text": "?",
        "userDefined": false
      }
    ],
    "isTemplate": false,
    "count": 1,
    "updated": 1536256557
  },
  {
    "id": "7c2d3a28-9931-4fbf-a833-097ee52bf9ae",
    "data": [
      {
        "text": "what is the price",
        "meta": "@sys.ignore",
        "userDefined": false
      },
      {
        "text": " in ",
        "userDefined": false
      },
      {
        "text": "london",
        "alias": "query",
        "meta": "@sys.any",
        "userDefined": true
      },
      {
        "text": " for a ",
        "userDefined": false
      },
      {
        "text": "1 bedroom",
        "alias": "types",
        "meta": "@types",
        "userDefined": true
      },
      {
        "text": " in ",
        "userDefined": false
      },
      {
        "text": "summer",
        "meta": "@sys.ignore",
        "userDefined": false
      }
    ],
    "isTemplate": false,
    "count": 1,
    "updated": 1536256557
  },
  {
    "id": "03003b5b-fa82-474d-ac4e-2db93cd2e035",
    "data": [
      {
        "text": "what is the price",
        "meta": "@sys.ignore",
        "userDefined": false
      },
      {
        "text": " in ",
        "userDefined": false
      },
      {
        "text": "austin",
        "alias": "query",
        "meta": "@sys.any",
        "userDefined": true
      },
      {
        "text": " for a ",
        "userDefined": false
      },
      {
        "text": "single",
        "meta": "@sys.ignore",
        "userDefined": false
      },
      {
        "text": " in the ",
        "userDefined": false
      },
      {
        "text": "fall",
        "meta": "@sys.ignore",
        "userDefined": false
      }
    ],
    "isTemplate": false,
    "count": 1,
    "updated": 1536256557
  },
  {
    "id": "57a63a6f-4eec-4e7b-ae15-365b696709c1",
    "data": [
      {
        "text": "cost",
        "meta": "@sys.ignore",
        "userDefined": false
      },
      {
        "text": " of a ",
        "userDefined": false
      },
      {
        "text": "single",
        "meta": "@sys.ignore",
        "userDefined": false
      },
      {
        "text": " bedroom in ",
        "userDefined": false
      },
      {
        "text": "silicon valley",
        "alias": "query",
        "meta": "@sys.any",
        "userDefined": true
      },
      {
        "text": " over the ",
        "userDefined": false
      },
      {
        "text": "summer",
        "meta": "@sys.ignore",
        "userDefined": false
      }
    ],
    "isTemplate": false,
    "count": 1,
    "updated": 1536256557
  },
  {
    "id": "a2ec97b8-e0d6-46f5-b2e0-9b788773ffe6",
    "data": [
      {
        "text": "How much it is by day",
        "meta": "@sys.ignore",
        "userDefined": false
      },
      {
        "text": " for ",
        "userDefined": false
      },
      {
        "text": "one",
        "meta": "@sys.ignore",
        "userDefined": false
      },
      {
        "text": " bedroom apartment for a couple from ",
        "userDefined": false
      },
      {
        "text": "August",
        "meta": "@sys.ignore",
        "userDefined": true
      },
      {
        "text": " the 1rst to august the 31rst 20017? Thanks",
        "userDefined": false
      }
    ],
    "isTemplate": false,
    "count": 1,
    "updated": 1536179309
  },
  {
    "id": "a0e888ac-2f67-4879-a6be-e9af24dcb1c3",
    "data": [
      {
        "text": "price",
        "meta": "@sys.ignore",
        "userDefined": false
      },
      {
        "text": " of a ",
        "userDefined": false
      },
      {
        "text": "2 bedroom",
        "alias": "types",
        "meta": "@types",
        "userDefined": true
      },
      {
        "text": " in ",
        "userDefined": false
      },
      {
        "text": "russia",
        "alias": "query",
        "meta": "@sys.any",
        "userDefined": true
      }
    ],
    "isTemplate": false,
    "count": 1,
    "updated": 1536256557
  },
  {
    "id": "debfbf60-98fc-402e-bb8f-a81e4e0f263a",
    "data": [
      {
        "text": "what is the price",
        "meta": "@sys.ignore",
        "userDefined": false
      },
      {
        "text": " of a ",
        "userDefined": false
      },
      {
        "text": "sinlge",
        "meta": "@sys.ignore",
        "userDefined": true
      },
      {
        "text": " in ",
        "userDefined": false
      },
      {
        "text": "london",
        "meta": "@sys.ignore",
        "userDefined": false
      },
      {
        "text": " ",
        "userDefined": false
      },
      {
        "text": "over the year",
        "meta": "@sys.ignore",
        "userDefined": false
      }
    ],
    "isTemplate": false,
    "count": 3,
    "updated": 1536179309
  },
  {
    "id": "6abe1777-fc7a-47f2-9ca5-6c18e7224f6d",
    "data": [
      {
        "text": "what is the price",
        "meta": "@sys.ignore",
        "userDefined": false
      },
      {
        "text": " in ",
        "userDefined": false
      },
      {
        "text": "texas",
        "meta": "@sys.ignore",
        "userDefined": false
      }
    ],
    "isTemplate": false,
    "count": 1,
    "updated": 1536179309
  },
  {
    "id": "9cc206b9-dd96-4e99-98c3-1c94a1c1e3de",
    "data": [
      {
        "text": "how much",
        "meta": "@sys.ignore",
        "userDefined": false
      },
      {
        "text": " do i pay for a ",
        "userDefined": false
      },
      {
        "text": "single",
        "meta": "@sys.ignore",
        "userDefined": false
      },
      {
        "text": " over the ",
        "userDefined": false
      },
      {
        "text": "summer",
        "meta": "@sys.ignore",
        "userDefined": false
      },
      {
        "text": " in ",
        "userDefined": false
      },
      {
        "text": "san diego",
        "alias": "query",
        "meta": "@sys.any",
        "userDefined": true
      }
    ],
    "isTemplate": false,
    "count": 2,
    "updated": 1536256557
  },
  {
    "id": "fef70739-6ac1-40e7-b41a-19b60176d910",
    "data": [
      {
        "text": "what\u0027s it ",
        "userDefined": false
      },
      {
        "text": "cost",
        "meta": "@sys.ignore",
        "userDefined": false
      },
      {
        "text": " to stay in a ",
        "userDefined": false
      },
      {
        "text": "3 bedroom",
        "alias": "types",
        "meta": "@types",
        "userDefined": true
      },
      {
        "text": " apartment for a month in ",
        "userDefined": false
      },
      {
        "text": "singapore",
        "alias": "query",
        "meta": "@sys.any",
        "userDefined": true
      }
    ],
    "isTemplate": false,
    "count": 1,
    "updated": 1536256557
  },
  {
    "id": "b9d18aea-24a1-43b3-89d5-b66ecd6d9a2e",
    "data": [
      {
        "text": "price",
        "meta": "@sys.ignore",
        "userDefined": false
      },
      {
        "text": " for ",
        "userDefined": false
      },
      {
        "text": "1 bd",
        "alias": "types",
        "meta": "@types",
        "userDefined": true
      },
      {
        "text": " in ",
        "userDefined": false
      },
      {
        "text": "chicago",
        "alias": "query",
        "meta": "@sys.any",
        "userDefined": true
      }
    ],
    "isTemplate": false,
    "count": 1,
    "updated": 1536256557
  },
  {
    "id": "0fac9a5b-b496-43d2-bd8e-207fd0bc2376",
    "data": [
      {
        "text": "how much for rent",
        "meta": "@sys.ignore",
        "userDefined": false
      },
      {
        "text": " in ",
        "userDefined": false
      },
      {
        "text": "des moines",
        "alias": "query",
        "meta": "@sys.any",
        "userDefined": true
      },
      {
        "text": " during the ",
        "userDefined": false
      },
      {
        "text": "summer",
        "meta": "@sys.ignore",
        "userDefined": false
      },
      {
        "text": " for a ",
        "userDefined": false
      },
      {
        "text": "single room",
        "meta": "@sys.ignore",
        "userDefined": false
      }
    ],
    "isTemplate": false,
    "count": 3,
    "updated": 1536256557
  },
  {
    "id": "b69645d5-de7f-422d-b907-3ff8f0d9a8db",
    "data": [
      {
        "text": "how much",
        "meta": "@sys.ignore",
        "userDefined": false
      },
      {
        "text": " for a ",
        "userDefined": false
      },
      {
        "text": "single",
        "meta": "@sys.ignore",
        "userDefined": false
      },
      {
        "text": " over the ",
        "userDefined": false
      },
      {
        "text": "spring",
        "meta": "@sys.ignore",
        "userDefined": false
      }
    ],
    "isTemplate": false,
    "count": 1,
    "updated": 1536179309
  },
  {
    "id": "64e524d7-72d5-42fe-b926-c2c998678c55",
    "data": [
      {
        "text": "how much",
        "meta": "@sys.ignore",
        "userDefined": false
      },
      {
        "text": " do i pay for a ",
        "userDefined": false
      },
      {
        "text": "single",
        "meta": "@sys.ignore",
        "userDefined": false
      },
      {
        "text": " over the ",
        "userDefined": false
      },
      {
        "text": "summer",
        "meta": "@sys.ignore",
        "userDefined": false
      },
      {
        "text": " in ",
        "userDefined": false
      },
      {
        "text": "Netherlands",
        "alias": "query",
        "meta": "@sys.any",
        "userDefined": true
      },
      {
        "text": " Zwolle",
        "userDefined": false
      }
    ],
    "isTemplate": false,
    "count": 2,
    "updated": 1536256557
  },
  {
    "id": "d0daaa14-52f7-4809-b78a-d714db932888",
    "data": [
      {
        "text": "what is the price",
        "meta": "@sys.ignore",
        "userDefined": false
      },
      {
        "text": " ",
        "userDefined": false
      },
      {
        "text": "all year",
        "meta": "@sys.ignore",
        "userDefined": false
      },
      {
        "text": " for a ",
        "userDefined": false
      },
      {
        "text": "single",
        "meta": "@sys.ignore",
        "userDefined": false
      },
      {
        "text": " in ",
        "userDefined": false
      },
      {
        "text": "london",
        "alias": "query",
        "meta": "@sys.any",
        "userDefined": true
      }
    ],
    "isTemplate": false,
    "count": 1,
    "updated": 1536256557
  },
  {
    "id": "175142ca-3015-4e7e-8673-1cb426f10726",
    "data": [
      {
        "text": "what does it cost",
        "alias": "price",
        "meta": "@price",
        "userDefined": false
      },
      {
        "text": " to ",
        "userDefined": false
      },
      {
        "text": "book",
        "meta": "@sys.ignore",
        "userDefined": false
      },
      {
        "text": " in ",
        "userDefined": false
      },
      {
        "text": "new jersey",
        "alias": "query",
        "meta": "@sys.any",
        "userDefined": true
      },
      {
        "text": " for a ",
        "userDefined": false
      },
      {
        "text": "single",
        "meta": "@sys.ignore",
        "userDefined": false
      },
      {
        "text": " apartment",
        "userDefined": false
      }
    ],
    "isTemplate": false,
    "count": 2,
    "updated": 1536256557
  },
  {
    "id": "001f28b1-2192-442b-bc1c-aacde8d8f5c2",
    "data": [
      {
        "text": "whats the price",
        "meta": "@sys.ignore",
        "userDefined": false
      },
      {
        "text": " in ",
        "userDefined": false
      },
      {
        "text": "white rock",
        "alias": "query",
        "meta": "@sys.any",
        "userDefined": true
      },
      {
        "text": "  for a ",
        "userDefined": false
      },
      {
        "text": "double",
        "meta": "@sys.ignore",
        "userDefined": false
      },
      {
        "text": " in ",
        "userDefined": false
      },
      {
        "text": "january",
        "meta": "@sys.ignore",
        "userDefined": false
      }
    ],
    "isTemplate": false,
    "count": 1,
    "updated": 1536256557
  },
  {
    "id": "157ff632-ac29-4db2-855e-98a3f17974c9",
    "data": [
      {
        "text": "what\u0027s the average nightly rate",
        "meta": "@sys.ignore",
        "userDefined": true
      },
      {
        "text": " for a ",
        "userDefined": false
      },
      {
        "text": "1 bedroom",
        "alias": "types",
        "meta": "@types",
        "userDefined": true
      },
      {
        "text": " in ",
        "userDefined": false
      },
      {
        "text": "san francisco",
        "alias": "query",
        "meta": "@sys.any",
        "userDefined": true
      }
    ],
    "isTemplate": false,
    "count": 1,
    "updated": 1536256557
  },
  {
    "id": "8ab128ed-7e03-4e41-863c-bb2ccd3428c0",
    "data": [
      {
        "text": "how much",
        "alias": "price",
        "meta": "@price",
        "userDefined": false
      },
      {
        "text": " does it ",
        "userDefined": false
      },
      {
        "text": "cost",
        "meta": "@sys.ignore",
        "userDefined": false
      },
      {
        "text": " to rent a ",
        "userDefined": false
      },
      {
        "text": "single bedroom",
        "meta": "@sys.ignore",
        "userDefined": false
      },
      {
        "text": " in ",
        "userDefined": false
      },
      {
        "text": "rio de janiero",
        "alias": "query",
        "meta": "@sys.any",
        "userDefined": true
      },
      {
        "text": " over the ",
        "userDefined": false
      },
      {
        "text": "summer",
        "meta": "@sys.ignore",
        "userDefined": false
      }
    ],
    "isTemplate": false,
    "count": 1,
    "updated": 1536256557
  },
  {
    "id": "fb816f87-bb2a-496e-90e7-7351fc5db848",
    "data": [
      {
        "text": "how much",
        "alias": "price",
        "meta": "@price",
        "userDefined": false
      },
      {
        "text": " does it ",
        "userDefined": false
      },
      {
        "text": "cost",
        "alias": "price",
        "meta": "@price",
        "userDefined": false
      },
      {
        "text": " to ",
        "userDefined": false
      },
      {
        "text": "book",
        "meta": "@sys.ignore",
        "userDefined": false
      },
      {
        "text": " an apartment in ",
        "userDefined": false
      },
      {
        "text": "the netherlands",
        "alias": "query",
        "meta": "@sys.any",
        "userDefined": true
      }
    ],
    "isTemplate": false,
    "count": 3,
    "updated": 1536256557
  },
  {
    "id": "a7279d97-6596-40bc-80a0-b4e45a8b1794",
    "data": [
      {
        "text": "what is the ",
        "userDefined": false
      },
      {
        "text": "summer",
        "meta": "@sys.ignore",
        "userDefined": false
      },
      {
        "text": " rate in ",
        "userDefined": false
      },
      {
        "text": "singapore",
        "alias": "query",
        "meta": "@sys.any",
        "userDefined": true
      }
    ],
    "isTemplate": false,
    "count": 1,
    "updated": 1536256557
  },
  {
    "id": "31041df5-5933-4503-a9df-6b02709ed4ad",
    "data": [
      {
        "text": "price",
        "meta": "@sys.ignore",
        "userDefined": false
      },
      {
        "text": " in ",
        "userDefined": false
      },
      {
        "text": "london",
        "meta": "@sys.ignore",
        "userDefined": false
      },
      {
        "text": " for ",
        "userDefined": false
      },
      {
        "text": "single",
        "meta": "@sys.ignore",
        "userDefined": false
      },
      {
        "text": " over the ",
        "userDefined": false
      },
      {
        "text": "summer",
        "meta": "@sys.ignore",
        "userDefined": false
      }
    ],
    "isTemplate": false,
    "count": 2,
    "updated": 1536179309
  },
  {
    "id": "19adaa57-a04f-40d9-9a57-154e289212a3",
    "data": [
      {
        "text": "what is the price",
        "meta": "@sys.ignore",
        "userDefined": false
      },
      {
        "text": " in ",
        "userDefined": false
      },
      {
        "text": "abu dhabi",
        "alias": "query",
        "meta": "@sys.any",
        "userDefined": true
      }
    ],
    "isTemplate": false,
    "count": 1,
    "updated": 1536256557
  },
  {
    "id": "3c3c579c-7e6c-45c2-abe9-a22d6ed517a4",
    "data": [
      {
        "text": "Netherlands Zwolle",
        "alias": "query",
        "meta": "@sys.any",
        "userDefined": true
      },
      {
        "text": " ",
        "userDefined": false
      },
      {
        "text": "single",
        "meta": "@sys.ignore",
        "userDefined": false
      },
      {
        "text": " ",
        "userDefined": false
      },
      {
        "text": "summer",
        "meta": "@sys.ignore",
        "userDefined": false
      }
    ],
    "isTemplate": false,
    "count": 2,
    "updated": 1536256557
  },
  {
    "id": "99903b09-1ec5-4e67-917b-a3273689fd01",
    "data": [
      {
        "text": "what is the price",
        "meta": "@sys.ignore",
        "userDefined": false
      },
      {
        "text": " ",
        "userDefined": false
      },
      {
        "text": "over the",
        "meta": "@sys.ignore",
        "userDefined": false
      },
      {
        "text": " ",
        "userDefined": false
      },
      {
        "text": "year",
        "meta": "@sys.ignore",
        "userDefined": false
      },
      {
        "text": " for a ",
        "userDefined": false
      },
      {
        "text": "2f",
        "alias": "types",
        "meta": "@types",
        "userDefined": true
      },
      {
        "text": " in ",
        "userDefined": false
      },
      {
        "text": "chicago",
        "alias": "query",
        "meta": "@sys.any",
        "userDefined": true
      }
    ],
    "isTemplate": false,
    "count": 1,
    "updated": 1536256557
  },
  {
    "id": "ffda8b13-3226-4fde-999c-56006af51e59",
    "data": [
      {
        "text": "what is the price",
        "meta": "@sys.ignore",
        "userDefined": false
      },
      {
        "text": " for a ",
        "userDefined": false
      },
      {
        "text": "single",
        "meta": "@sys.ignore",
        "userDefined": false
      },
      {
        "text": " over the ",
        "userDefined": false
      },
      {
        "text": "summer",
        "meta": "@sys.ignore",
        "userDefined": false
      },
      {
        "text": " in ",
        "userDefined": false
      },
      {
        "text": "Malaysia Kuala Lumpur",
        "alias": "query",
        "meta": "@sys.any",
        "userDefined": true
      }
    ],
    "isTemplate": false,
    "count": 1,
    "updated": 1536256557
  },
  {
    "id": "c2e6a7ea-41f6-412a-afc9-9021fdead778",
    "data": [
      {
        "text": "how much",
        "alias": "price",
        "meta": "@price",
        "userDefined": false
      },
      {
        "text": " does a ",
        "userDefined": false
      },
      {
        "text": "single",
        "meta": "@sys.ignore",
        "userDefined": false
      },
      {
        "text": " in ",
        "userDefined": false
      },
      {
        "text": "miami",
        "alias": "query",
        "meta": "@sys.any",
        "userDefined": true
      },
      {
        "text": " ",
        "userDefined": false
      },
      {
        "text": "cost",
        "meta": "@sys.ignore",
        "userDefined": false
      }
    ],
    "isTemplate": false,
    "count": 1,
    "updated": 1536256557
  },
  {
    "id": "f29d5b81-91bc-4d2f-aa4e-f655b31d962f",
    "data": [
      {
        "text": "how much",
        "meta": "@sys.ignore",
        "userDefined": false
      },
      {
        "text": " for a ",
        "userDefined": false
      },
      {
        "text": "studio",
        "alias": "types",
        "meta": "@types",
        "userDefined": true
      },
      {
        "text": " in ",
        "userDefined": false
      },
      {
        "text": "may",
        "meta": "@sys.ignore",
        "userDefined": false
      }
    ],
    "isTemplate": false,
    "count": 1,
    "updated": 1536256557
  },
  {
    "id": "97ace6e8-b1db-4735-9936-189cbf891ab0",
    "data": [
      {
        "text": "price",
        "alias": "price",
        "meta": "@price",
        "userDefined": false
      },
      {
        "text": " ",
        "userDefined": false
      },
      {
        "text": "estimate",
        "meta": "@sys.ignore",
        "userDefined": true
      },
      {
        "text": " for a ",
        "userDefined": false
      },
      {
        "text": "studio",
        "alias": "types",
        "meta": "@types",
        "userDefined": true
      },
      {
        "text": " in ",
        "userDefined": false
      },
      {
        "text": "atlanta",
        "alias": "query",
        "meta": "@sys.any",
        "userDefined": true
      },
      {
        "text": " in ",
        "userDefined": false
      },
      {
        "text": "september",
        "meta": "@sys.ignore",
        "userDefined": false
      }
    ],
    "isTemplate": false,
    "count": 1,
    "updated": 1536256557
  },
  {
    "id": "f448a577-da93-44e6-9d69-f4d5e794a3e0",
    "data": [
      {
        "text": "what is the price",
        "meta": "@sys.ignore",
        "userDefined": false
      },
      {
        "text": " ",
        "userDefined": false
      },
      {
        "text": "for a",
        "meta": "@sys.ignore",
        "userDefined": true
      },
      {
        "text": " ",
        "userDefined": false
      },
      {
        "text": "two bedroom",
        "alias": "types",
        "meta": "@types",
        "userDefined": true
      },
      {
        "text": " ",
        "userDefined": false
      },
      {
        "text": "in",
        "meta": "@sys.ignore",
        "userDefined": true
      },
      {
        "text": " ",
        "userDefined": false
      },
      {
        "text": "miami",
        "alias": "query",
        "meta": "@sys.any",
        "userDefined": true
      },
      {
        "text": " ",
        "userDefined": false
      },
      {
        "text": "over the",
        "meta": "@sys.ignore",
        "userDefined": true
      },
      {
        "text": " ",
        "userDefined": false
      },
      {
        "text": "summer",
        "meta": "@sys.ignore",
        "userDefined": false
      }
    ],
    "isTemplate": false,
    "count": 3,
    "updated": 1536256557
  },
  {
    "id": "a86aca1c-c351-4b9d-be10-fbfbb708dc7e",
    "data": [
      {
        "text": "how much does it",
        "alias": "price",
        "meta": "@price",
        "userDefined": false
      },
      {
        "text": " ",
        "userDefined": false
      },
      {
        "text": "cost to book",
        "meta": "@sys.ignore",
        "userDefined": false
      },
      {
        "text": " a ",
        "userDefined": false
      },
      {
        "text": "2 bedroom",
        "meta": "@sys.ignore",
        "userDefined": false
      },
      {
        "text": " in ",
        "userDefined": false
      },
      {
        "text": "london",
        "meta": "@sys.ignore",
        "userDefined": false
      }
    ],
    "isTemplate": false,
    "count": 1,
    "updated": 1536179309
  },
  {
    "id": "15f3d7fe-38cf-49c4-90ad-3acf32e2fbf5",
    "data": [
      {
        "text": "pricing",
        "meta": "@sys.ignore",
        "userDefined": false
      },
      {
        "text": " ",
        "userDefined": false
      },
      {
        "text": "for",
        "meta": "@sys.ignore",
        "userDefined": true
      },
      {
        "text": " ",
        "userDefined": false
      },
      {
        "text": "africa",
        "meta": "@sys.ignore",
        "userDefined": false
      },
      {
        "text": " ",
        "userDefined": false
      },
      {
        "text": "over",
        "meta": "@sys.ignore",
        "userDefined": true
      },
      {
        "text": " ",
        "userDefined": false
      },
      {
        "text": "winter",
        "meta": "@sys.ignore",
        "userDefined": true
      },
      {
        "text": " ",
        "userDefined": false
      },
      {
        "text": "for a",
        "meta": "@sys.ignore",
        "userDefined": true
      },
      {
        "text": " ",
        "userDefined": false
      },
      {
        "text": "single",
        "meta": "@sys.ignore",
        "userDefined": false
      }
    ],
    "isTemplate": false,
    "count": 1,
    "updated": 1536179309
  },
  {
    "id": "01f723ee-4bbd-4eff-9d8e-f15fcc269329",
    "data": [
      {
        "text": "what is the price",
        "meta": "@sys.ignore",
        "userDefined": false
      },
      {
        "text": " ",
        "userDefined": false
      },
      {
        "text": "for a",
        "meta": "@sys.ignore",
        "userDefined": true
      },
      {
        "text": " double ",
        "userDefined": false
      },
      {
        "text": "in",
        "meta": "@sys.ignore",
        "userDefined": true
      },
      {
        "text": " ",
        "userDefined": false
      },
      {
        "text": "london",
        "meta": "@sys.ignore",
        "userDefined": false
      },
      {
        "text": " ",
        "userDefined": false
      },
      {
        "text": "over the",
        "meta": "@sys.ignore",
        "userDefined": true
      },
      {
        "text": " ",
        "userDefined": false
      },
      {
        "text": "summer",
        "meta": "@sys.ignore",
        "userDefined": false
      }
    ],
    "isTemplate": false,
    "count": 4,
    "updated": 1536179309
  },
  {
    "id": "90c58376-3100-485a-ac1c-f9d510649018",
    "data": [
      {
        "text": "whats the nightly rate",
        "meta": "@sys.ignore",
        "userDefined": true
      },
      {
        "text": " for a ",
        "userDefined": false
      },
      {
        "text": "1 bedroom",
        "meta": "@sys.ignore",
        "userDefined": false
      },
      {
        "text": " in ",
        "userDefined": false
      },
      {
        "text": "san francisco",
        "meta": "@sys.ignore",
        "userDefined": false
      },
      {
        "text": " in ",
        "userDefined": false
      },
      {
        "text": "february",
        "meta": "@sys.ignore",
        "userDefined": false
      }
    ],
    "isTemplate": false,
    "count": 1,
    "updated": 1536179309
  },
  {
    "id": "25e9e313-f8d1-4452-abf5-22ef20729b33",
    "data": [
      {
        "text": "what is the average",
        "alias": "price",
        "meta": "@price",
        "userDefined": true
      },
      {
        "text": " ",
        "userDefined": false
      },
      {
        "text": "price",
        "meta": "@sys.ignore",
        "userDefined": false
      },
      {
        "text": " ",
        "userDefined": false
      },
      {
        "text": "for",
        "meta": "@sys.ignore",
        "userDefined": true
      },
      {
        "text": " ",
        "userDefined": false
      },
      {
        "text": "an apartment",
        "meta": "@sys.ignore",
        "userDefined": true
      },
      {
        "text": " ",
        "userDefined": false
      },
      {
        "text": "in",
        "meta": "@sys.ignore",
        "userDefined": true
      },
      {
        "text": " ",
        "userDefined": false
      },
      {
        "text": "london",
        "meta": "@sys.ignore",
        "userDefined": false
      },
      {
        "text": " ",
        "userDefined": false
      },
      {
        "text": "over the",
        "meta": "@sys.ignore",
        "userDefined": true
      },
      {
        "text": " ",
        "userDefined": false
      },
      {
        "text": "summer",
        "meta": "@sys.ignore",
        "userDefined": false
      }
    ],
    "isTemplate": false,
    "count": 3,
    "updated": 1536179309
  },
  {
    "id": "9ebf6edf-ccbd-4c05-ba6c-282ca051e044",
    "data": [
      {
        "text": "what is the ",
        "userDefined": false
      },
      {
        "text": "price",
        "meta": "@sys.ignore",
        "userDefined": true
      },
      {
        "text": " in ",
        "userDefined": false
      },
      {
        "text": "london",
        "meta": "@sys.ignore",
        "userDefined": true
      },
      {
        "text": " for a ",
        "userDefined": false
      },
      {
        "text": "single",
        "meta": "@sys.ignore",
        "userDefined": true
      }
    ],
    "isTemplate": false,
    "count": 1,
    "updated": 1536179309
  },
  {
    "id": "dabb767d-04b2-4fb1-8dc2-df2a498e6d7f",
    "data": [
      {
        "text": "what is the price",
        "meta": "@sys.ignore",
        "userDefined": false
      },
      {
        "text": " for a ",
        "userDefined": false
      },
      {
        "text": "single",
        "meta": "@sys.ignore",
        "userDefined": true
      },
      {
        "text": " in ",
        "userDefined": false
      },
      {
        "text": "las vegas",
        "meta": "@sys.ignore",
        "userDefined": true
      },
      {
        "text": " during the ",
        "userDefined": false
      },
      {
        "text": "summer",
        "meta": "@sys.ignore",
        "userDefined": false
      }
    ],
    "isTemplate": false,
    "count": 1,
    "updated": 1536179309
  },
  {
    "id": "3e2e4732-c93e-4167-a42f-9ddbb5c5677a",
    "data": [
      {
        "text": "how much is a ",
        "userDefined": false
      },
      {
        "text": "single",
        "meta": "@sys.ignore",
        "userDefined": false
      },
      {
        "text": " in ",
        "userDefined": false
      },
      {
        "text": "miami",
        "meta": "@sys.ignore",
        "userDefined": false
      }
    ],
    "isTemplate": false,
    "count": 1,
    "updated": 1536179309
  },
  {
    "id": "75ca08c1-2283-462f-9926-da66cbf94beb",
    "data": [
      {
        "text": "price",
        "meta": "@sys.ignore",
        "userDefined": false
      },
      {
        "text": " in ",
        "userDefined": false
      },
      {
        "text": "spain",
        "meta": "@sys.ignore",
        "userDefined": false
      },
      {
        "text": " during ",
        "userDefined": false
      },
      {
        "text": "summer",
        "meta": "@sys.ignore",
        "userDefined": false
      }
    ],
    "isTemplate": false,
    "count": 2,
    "updated": 1536179309
  },
  {
    "id": "a3c36e1d-f073-432f-b5c9-fba94cdc75f6",
    "data": [
      {
        "text": "what is rent in ",
        "userDefined": false
      },
      {
        "text": "amsterdam",
        "meta": "@sys.ignore",
        "userDefined": false
      }
    ],
    "isTemplate": false,
    "count": 1,
    "updated": 1536179309
  },
  {
    "id": "4b759713-a9ba-4694-8db7-10b428c14403",
    "data": [
      {
        "text": "how much is",
        "meta": "@sys.ignore",
        "userDefined": false
      },
      {
        "text": " a ",
        "userDefined": false
      },
      {
        "text": "triple bedroom",
        "meta": "@sys.ignore",
        "userDefined": false
      },
      {
        "text": " in ",
        "userDefined": false
      },
      {
        "text": "orange county",
        "meta": "@sys.ignore",
        "userDefined": false
      }
    ],
    "isTemplate": false,
    "count": 1,
    "updated": 1536179309
  },
  {
    "id": "8ceffe7e-e788-46b1-a7e3-d9655f63f961",
    "data": [
      {
        "text": "how much is",
        "meta": "@sys.ignore",
        "userDefined": false
      },
      {
        "text": " ",
        "userDefined": false
      },
      {
        "text": "a",
        "meta": "@sys.ignore",
        "userDefined": true
      },
      {
        "text": " ",
        "userDefined": false
      },
      {
        "text": "three bedroom",
        "meta": "@sys.ignore",
        "userDefined": false
      },
      {
        "text": " ",
        "userDefined": false
      },
      {
        "text": "in",
        "meta": "@sys.ignore",
        "userDefined": true
      },
      {
        "text": " ",
        "userDefined": false
      },
      {
        "text": "canada",
        "meta": "@sys.ignore",
        "userDefined": false
      },
      {
        "text": " ",
        "userDefined": false
      },
      {
        "text": "over the",
        "meta": "@sys.ignore",
        "userDefined": true
      },
      {
        "text": " ",
        "userDefined": false
      },
      {
        "text": "fall",
        "meta": "@sys.ignore",
        "userDefined": true
      }
    ],
    "isTemplate": false,
    "count": 3,
    "updated": 1536179309
  },
  {
    "id": "ac028be9-dde2-46ae-b872-c03390e0ac77",
    "data": [
      {
        "text": "what is the ",
        "userDefined": false
      },
      {
        "text": "price",
        "meta": "@sys.ignore",
        "userDefined": false
      },
      {
        "text": " in ",
        "userDefined": false
      },
      {
        "text": "london",
        "meta": "@sys.ignore",
        "userDefined": false
      },
      {
        "text": " for a ",
        "userDefined": false
      },
      {
        "text": "single",
        "meta": "@sys.ignore",
        "userDefined": false
      },
      {
        "text": " during ",
        "userDefined": false
      },
      {
        "text": "fall",
        "meta": "@sys.ignore",
        "userDefined": false
      }
    ],
    "isTemplate": false,
    "count": 1,
    "updated": 1536179309
  },
  {
    "id": "538a74a6-601b-429a-b087-d198f0db4339",
    "data": [
      {
        "text": "cost of apartment",
        "meta": "@sys.ignore",
        "userDefined": false
      },
      {
        "text": " ",
        "userDefined": false
      },
      {
        "text": "in",
        "meta": "@sys.ignore",
        "userDefined": true
      },
      {
        "text": " ",
        "userDefined": false
      },
      {
        "text": "vegas",
        "meta": "@sys.ignore",
        "userDefined": false
      },
      {
        "text": " ",
        "userDefined": false
      },
      {
        "text": "for",
        "meta": "@sys.ignore",
        "userDefined": true
      },
      {
        "text": " ",
        "userDefined": false
      },
      {
        "text": "a",
        "meta": "@sys.ignore",
        "userDefined": true
      },
      {
        "text": " ",
        "userDefined": false
      },
      {
        "text": "3 bedroom",
        "meta": "@sys.ignore",
        "userDefined": false
      }
    ],
    "isTemplate": false,
    "count": 3,
    "updated": 1536179309
  },
  {
    "id": "acad21d9-f6ac-4461-bdc6-a6d57696eece",
    "data": [
      {
        "text": "how much money",
        "meta": "@sys.ignore",
        "userDefined": false
      },
      {
        "text": " ",
        "userDefined": false
      },
      {
        "text": "for a",
        "meta": "@sys.ignore",
        "userDefined": true
      },
      {
        "text": " ",
        "userDefined": false
      },
      {
        "text": "single",
        "meta": "@sys.ignore",
        "userDefined": true
      },
      {
        "text": " bedroom apartment ",
        "userDefined": false
      },
      {
        "text": "in",
        "meta": "@sys.ignore",
        "userDefined": true
      },
      {
        "text": " ",
        "userDefined": false
      },
      {
        "text": "las vegas",
        "meta": "@sys.ignore",
        "userDefined": false
      }
    ],
    "isTemplate": false,
    "count": 2,
    "updated": 1536179309
  },
  {
    "id": "fc99538c-511f-4610-a681-d93296006b64",
    "data": [
      {
        "text": "what is the price",
        "meta": "@sys.ignore",
        "userDefined": false
      },
      {
        "text": " in ",
        "userDefined": false
      },
      {
        "text": "london",
        "meta": "@sys.ignore",
        "userDefined": false
      },
      {
        "text": " for a ",
        "userDefined": false
      },
      {
        "text": "single",
        "meta": "@sys.ignore",
        "userDefined": false
      },
      {
        "text": " in ",
        "userDefined": false
      },
      {
        "text": "august",
        "meta": "@sys.ignore",
        "userDefined": true
      }
    ],
    "isTemplate": false,
    "count": 1,
    "updated": 1536179309
  },
  {
    "id": "2ddb7c0a-0b14-4407-9bb7-0350934938dc",
    "data": [
      {
        "text": "cost",
        "meta": "@sys.ignore",
        "userDefined": false
      },
      {
        "text": " of a ",
        "userDefined": false
      },
      {
        "text": "single",
        "meta": "@sys.ignore",
        "userDefined": false
      },
      {
        "text": " in ",
        "userDefined": false
      },
      {
        "text": "miami",
        "meta": "@sys.ignore",
        "userDefined": false
      },
      {
        "text": " over the ",
        "userDefined": false
      },
      {
        "text": "spring",
        "meta": "@sys.ignore",
        "userDefined": false
      }
    ],
    "isTemplate": false,
    "count": 1,
    "updated": 1536179309
  },
  {
    "id": "6f13058b-ba44-4266-91ce-10799e9abd99",
    "data": [
      {
        "text": "how much",
        "alias": "price",
        "meta": "@price",
        "userDefined": false
      },
      {
        "text": " does it ",
        "userDefined": false
      },
      {
        "text": "cost",
        "alias": "price",
        "meta": "@price",
        "userDefined": false
      },
      {
        "text": " to ",
        "userDefined": false
      },
      {
        "text": "book",
        "meta": "@sys.ignore",
        "userDefined": true
      },
      {
        "text": " a ",
        "userDefined": false
      },
      {
        "text": "2 bedroom",
        "meta": "@sys.ignore",
        "userDefined": false
      },
      {
        "text": " in ",
        "userDefined": false
      },
      {
        "text": "london",
        "meta": "@sys.ignore",
        "userDefined": false
      }
    ],
    "isTemplate": false,
    "count": 1,
    "updated": 1536179309
  },
  {
    "id": "58894508-49c2-40d5-bb2c-057ecf3c52b8",
    "data": [
      {
        "text": "what is the price",
        "meta": "@sys.ignore",
        "userDefined": false
      },
      {
        "text": " for a ",
        "userDefined": false
      },
      {
        "text": "single",
        "meta": "@sys.ignore",
        "userDefined": false
      },
      {
        "text": " over the ",
        "userDefined": false
      },
      {
        "text": "summer",
        "meta": "@sys.ignore",
        "userDefined": false
      },
      {
        "text": " in ",
        "userDefined": false
      },
      {
        "text": "russia moscow",
        "meta": "@sys.ignore",
        "userDefined": false
      }
    ],
    "isTemplate": false,
    "count": 1,
    "updated": 1536179309
  },
  {
    "id": "8a99010a-0c6f-4953-ae4a-565882af8fd2",
    "data": [
      {
        "text": "apartment ",
        "userDefined": false
      },
      {
        "text": "cost",
        "meta": "@sys.ignore",
        "userDefined": false
      },
      {
        "text": " in ",
        "userDefined": false
      },
      {
        "text": "san juan",
        "meta": "@sys.ignore",
        "userDefined": false
      },
      {
        "text": " duriing ",
        "userDefined": false
      },
      {
        "text": "may",
        "meta": "@sys.ignore",
        "userDefined": false
      }
    ],
    "isTemplate": false,
    "count": 3,
    "updated": 1536179309
  },
  {
    "id": "0e2a1cb7-1f12-42c4-9952-26812090e228",
    "data": [
      {
        "text": "how much",
        "alias": "price",
        "meta": "@price",
        "userDefined": false
      },
      {
        "text": " does a ",
        "userDefined": false
      },
      {
        "text": "single",
        "meta": "@sys.ignore",
        "userDefined": false
      },
      {
        "text": " in ",
        "userDefined": false
      },
      {
        "text": "miami",
        "meta": "@sys.ignore",
        "userDefined": false
      },
      {
        "text": " ",
        "userDefined": false
      },
      {
        "text": "cost",
        "meta": "@sys.ignore",
        "userDefined": false
      },
      {
        "text": " during ",
        "userDefined": false
      },
      {
        "text": "march",
        "meta": "@sys.ignore",
        "userDefined": true
      }
    ],
    "isTemplate": false,
    "count": 1,
    "updated": 1536179309
  },
  {
    "id": "63a30129-37c8-432e-84a9-b4cac339b016",
    "data": [
      {
        "text": "what is the price",
        "meta": "@sys.ignore",
        "userDefined": true
      },
      {
        "text": " in ",
        "userDefined": false
      },
      {
        "text": "london",
        "meta": "@sys.ignore",
        "userDefined": false
      }
    ],
    "isTemplate": false,
    "count": 2,
    "updated": 1536179309
  }
]