[
  {
    "id": "f087d040-f260-44ef-af5f-567db1268a2a",
    "data": [
      {
        "text": "do i need proof of income",
        "userDefined": false
      }
    ],
    "isTemplate": false,
    "count": 0,
    "updated": 1534285425
  },
  {
    "id": "18103156-3d06-4b87-a2df-0b6ba2f36e55",
    "data": [
      {
        "text": "do you do background checks on tenants",
        "userDefined": false
      }
    ],
    "isTemplate": false,
    "count": 0,
    "updated": 1534285425
  },
  {
    "id": "ee54d51e-6b96-4cbf-856f-b955d0d9f171",
    "data": [
      {
        "text": "what do i need for a reservation",
        "userDefined": false
      }
    ],
    "isTemplate": false,
    "count": 0,
    "updated": 1534285425
  },
  {
    "id": "cc90a09a-6ddf-4c6c-a2a5-7e6253cbe35c",
    "data": [
      {
        "text": "do i need to have good credit to stay at oakwood",
        "userDefined": false
      }
    ],
    "isTemplate": false,
    "count": 0,
    "updated": 1534285425
  },
  {
    "id": "edf37121-6002-4efa-8c7c-f071ac9bbd14",
    "data": [
      {
        "text": "do you do a background check or anything",
        "userDefined": false
      }
    ],
    "isTemplate": false,
    "count": 0,
    "updated": 1534285425
  },
  {
    "id": "7dfc9378-b056-4ae8-8b04-560a1aa484ca",
    "data": [
      {
        "text": "is there a security deposit",
        "userDefined": false
      }
    ],
    "isTemplate": false,
    "count": 0,
    "updated": 1534285425
  },
  {
    "id": "8c03201e-fe65-4451-ad46-67110deb14de",
    "data": [
      {
        "text": "what do i need to book",
        "userDefined": false
      }
    ],
    "isTemplate": false,
    "count": 0,
    "updated": 1534285425
  },
  {
    "id": "ad7233bc-e303-40fc-8141-17c205e0148e",
    "data": [
      {
        "text": "What is required in order to make a reservation?",
        "userDefined": false
      }
    ],
    "isTemplate": false,
    "count": 0,
    "updated": 1534264865
  }
]