[
  {
    "id": "6e423c22-64e7-447e-a3fc-ac7322578f28",
    "data": [
      {
        "text": "where can i stay with a low rate",
        "userDefined": false
      }
    ],
    "isTemplate": false,
    "count": 0,
    "updated": 1535745128
  },
  {
    "id": "70631daf-c3f8-4d2d-9715-ed6303d263cd",
    "data": [
      {
        "text": "do you have anything cheap",
        "userDefined": false
      }
    ],
    "isTemplate": false,
    "count": 0,
    "updated": 1535745128
  },
  {
    "id": "268a450f-8263-439c-b143-92936e161157",
    "data": [
      {
        "text": "where can i stay that\u0027s cheap",
        "userDefined": false
      }
    ],
    "isTemplate": false,
    "count": 0,
    "updated": 1534974376
  },
  {
    "id": "3c25a839-23e2-48bb-8016-fefa2cd23d3d",
    "data": [
      {
        "text": "what are your cheapest properties",
        "userDefined": false
      }
    ],
    "isTemplate": false,
    "count": 0,
    "updated": 1534974376
  },
  {
    "id": "5df551b5-cfb6-4502-ab85-d856aa5af766",
    "data": [
      {
        "text": "what are your lowest rates",
        "userDefined": false
      }
    ],
    "isTemplate": false,
    "count": 0,
    "updated": 1534974376
  }
]