[
  {
    "id": "e6092ba4-e596-464f-be4b-0c1b44c9694d",
    "data": [
      {
        "text": "what do i do after my company makes me a reservation",
        "userDefined": false
      }
    ],
    "isTemplate": false,
    "count": 0,
    "updated": 1534280710
  },
  {
    "id": "bd9aaa9c-9ce5-4eb4-aad3-361722d47227",
    "data": [
      {
        "text": "what do i do after i make a reservation",
        "userDefined": false
      }
    ],
    "isTemplate": false,
    "count": 0,
    "updated": 1534280710
  },
  {
    "id": "4fa695fc-124c-41c9-b6cf-bb7237aa13e5",
    "data": [
      {
        "text": "i have a reservation, what happens next?",
        "userDefined": false
      }
    ],
    "isTemplate": false,
    "count": 0,
    "updated": 1534280710
  },
  {
    "id": "bd9744b5-e06a-4e1c-96aa-15007aa69432",
    "data": [
      {
        "text": "is there anything else i have ",
        "userDefined": false
      },
      {
        "text": "to do",
        "meta": "@sys.ignore",
        "userDefined": false
      },
      {
        "text": " after i book",
        "userDefined": false
      }
    ],
    "isTemplate": false,
    "count": 0,
    "updated": 1534280710
  },
  {
    "id": "a142007b-fe0d-4ac1-bb10-d191073c5c73",
    "data": [
      {
        "text": "i booked an apartment, now what?",
        "userDefined": false
      }
    ],
    "isTemplate": false,
    "count": 0,
    "updated": 1534280710
  },
  {
    "id": "13ad78bb-486d-4bec-9c09-9f49a10504dd",
    "data": [
      {
        "text": "What happens next after i ",
        "userDefined": false
      },
      {
        "text": "reserve",
        "meta": "@sys.ignore",
        "userDefined": false
      },
      {
        "text": " an ",
        "userDefined": false
      },
      {
        "text": "apartment",
        "meta": "@sys.ignore",
        "userDefined": false
      }
    ],
    "isTemplate": false,
    "count": 0,
    "updated": 1534265985
  },
  {
    "id": "ab6bd139-3d70-4fe6-8bd4-ba4e514c4572",
    "data": [
      {
        "text": "What do I do after i ",
        "userDefined": false
      },
      {
        "text": "book",
        "meta": "@sys.ignore",
        "userDefined": false
      }
    ],
    "isTemplate": false,
    "count": 0,
    "updated": 1534265985
  },
  {
    "id": "694feb7b-4208-4d07-b073-b0e257c88b49",
    "data": [
      {
        "text": "What happens after I make a reservation?",
        "userDefined": false
      }
    ],
    "isTemplate": false,
    "count": 0,
    "updated": 1534265985
  }
]