[
  {
    "id": "1910c714-16ae-452b-bddc-8dedbd8752f4",
    "data": [
      {
        "text": "what does ",
        "userDefined": false
      },
      {
        "text": "emea",
        "alias": "ow_regions",
        "meta": "@ow_regions",
        "userDefined": false
      },
      {
        "text": " mean",
        "userDefined": false
      }
    ],
    "isTemplate": false,
    "count": 0,
    "updated": 1534282008
  },
  {
    "id": "0ddbe916-5d2d-49ea-bd6e-3e51c1f3f63a",
    "data": [
      {
        "text": "what do you mean ",
        "userDefined": false
      },
      {
        "text": "emea",
        "alias": "ow_regions",
        "meta": "@ow_regions",
        "userDefined": false
      }
    ],
    "isTemplate": false,
    "count": 0,
    "updated": 1534282008
  },
  {
    "id": "22035a3e-bb83-415b-804b-3540396f3b16",
    "data": [
      {
        "text": "what is ",
        "userDefined": false
      },
      {
        "text": "emea",
        "alias": "ow_regions",
        "meta": "@ow_regions",
        "userDefined": false
      }
    ],
    "isTemplate": false,
    "count": 0,
    "updated": 1534282008
  },
  {
    "id": "4ef21d08-5add-4ff0-af5d-8b82a86df634",
    "data": [
      {
        "text": "what is apac",
        "userDefined": false
      }
    ],
    "isTemplate": false,
    "count": 0,
    "updated": 1534282008
  },
  {
    "id": "5e7b7601-b5b6-40fe-9ee6-08c918fba856",
    "data": [
      {
        "text": "What does ",
        "userDefined": false
      },
      {
        "text": "EMEA",
        "alias": "ow_regions",
        "meta": "@ow_regions",
        "userDefined": true
      },
      {
        "text": " stand for?",
        "userDefined": false
      }
    ],
    "isTemplate": false,
    "count": 0,
    "updated": 1534282008
  },
  {
    "id": "46f01ed1-7a11-4872-a168-ecec38f948f6",
    "data": [
      {
        "text": "What does  APAC stand for?",
        "userDefined": false
      }
    ],
    "isTemplate": false,
    "count": 0,
    "updated": 1534265903
  }
]