[
  {
    "id": "ea9e4064-3716-42e6-91d3-49511e754659",
    "data": [
      {
        "text": "what comes with execustay",
        "userDefined": false
      }
    ],
    "isTemplate": false,
    "count": 0,
    "updated": 1534279322
  },
  {
    "id": "ba774896-d448-402e-b603-41895aa2ee0e",
    "data": [
      {
        "text": "is execustay better?",
        "userDefined": false
      }
    ],
    "isTemplate": false,
    "count": 0,
    "updated": 1534279322
  },
  {
    "id": "e3455c88-6197-497b-bb46-bd1e9d74cd71",
    "data": [
      {
        "text": "How do oakwood and execustay differ",
        "userDefined": false
      }
    ],
    "isTemplate": false,
    "count": 0,
    "updated": 1534279322
  },
  {
    "id": "00d31746-75f6-470e-a29e-0c7c423d3185",
    "data": [
      {
        "text": "what is execu stay",
        "userDefined": false
      }
    ],
    "isTemplate": false,
    "count": 0,
    "updated": 1534279322
  },
  {
    "id": "7c1e32cc-900b-4ff3-b3bb-02fd5c5f9a59",
    "data": [
      {
        "text": "what is an execustay",
        "userDefined": false
      }
    ],
    "isTemplate": false,
    "count": 0,
    "updated": 1534279322
  },
  {
    "id": "0ef46b06-b3fc-459d-bd07-8a8f26d85671",
    "data": [
      {
        "text": "What is the difference between Oakwood and ExecuStay?",
        "userDefined": false
      }
    ],
    "isTemplate": false,
    "count": 0,
    "updated": 1534264831
  }
]