[
  {
    "id": "ddd64b43-c517-43a6-9b58-cb955df57188",
    "data": [
      {
        "text": "are utilities included?",
        "userDefined": false
      }
    ],
    "isTemplate": false,
    "count": 0,
    "updated": 1534281270
  },
  {
    "id": "8572470e-411f-46be-8d42-fd7403c357a7",
    "data": [
      {
        "text": "is the kitchen fully stocked?",
        "userDefined": false
      }
    ],
    "isTemplate": false,
    "count": 0,
    "updated": 1534281270
  },
  {
    "id": "c036fc0d-6c33-4c02-b2e6-96bec9505f9b",
    "data": [
      {
        "text": "what utilities are available?",
        "userDefined": false
      }
    ],
    "isTemplate": false,
    "count": 0,
    "updated": 1534281270
  },
  {
    "id": "467d0183-0102-4d7a-9711-dba1f5feb724",
    "data": [
      {
        "text": "is cookware included?",
        "userDefined": false
      }
    ],
    "isTemplate": false,
    "count": 0,
    "updated": 1534281270
  },
  {
    "id": "83b6783b-2653-4601-a460-ba8484de8947",
    "data": [
      {
        "text": "is a kitchen included?",
        "userDefined": false
      }
    ],
    "isTemplate": false,
    "count": 0,
    "updated": 1534281270
  },
  {
    "id": "2d7f6509-5b50-4ca7-ae86-d8c62c5e0364",
    "data": [
      {
        "text": "What is included?",
        "userDefined": false
      }
    ],
    "isTemplate": false,
    "count": 0,
    "updated": 1534281270
  },
  {
    "id": "a2b0508b-fe77-48c8-88f8-e7bbcae7205d",
    "data": [
      {
        "text": "What is included in the daily rate?",
        "userDefined": false
      }
    ],
    "isTemplate": false,
    "count": 0,
    "updated": 1534281270
  }
]