[
  {
    "id": "902bae02-cbb8-46ab-8409-3754b2d26e16",
    "data": [
      {
        "text": "what time can i check in",
        "userDefined": false
      }
    ],
    "isTemplate": false,
    "count": 0,
    "updated": 1534284606
  },
  {
    "id": "86b1436f-217b-46f5-afb0-c1bce1b08f9d",
    "data": [
      {
        "text": "what time do i have to check out by",
        "userDefined": false
      }
    ],
    "isTemplate": false,
    "count": 0,
    "updated": 1534284606
  },
  {
    "id": "feec5bc1-3631-4434-a18d-dce997cba460",
    "data": [
      {
        "text": "when can i check in",
        "userDefined": false
      }
    ],
    "isTemplate": false,
    "count": 0,
    "updated": 1534284606
  },
  {
    "id": "adc7ac11-fc8f-4726-83a8-84fec55aeea0",
    "data": [
      {
        "text": "What is ",
        "userDefined": false
      },
      {
        "text": "check out",
        "meta": "@sys.ignore",
        "userDefined": false
      },
      {
        "text": " ",
        "userDefined": false
      },
      {
        "text": "time",
        "meta": "@sys.ignore",
        "userDefined": false
      },
      {
        "text": "?",
        "userDefined": false
      }
    ],
    "isTemplate": false,
    "count": 0,
    "updated": 1534265054
  },
  {
    "id": "0b0e6809-f0ad-48db-ba90-e711938bf239",
    "data": [
      {
        "text": "What is ",
        "userDefined": false
      },
      {
        "text": "check in",
        "meta": "@sys.ignore",
        "userDefined": false
      },
      {
        "text": " ",
        "userDefined": false
      },
      {
        "text": "time",
        "meta": "@sys.ignore",
        "userDefined": false
      },
      {
        "text": "?",
        "userDefined": false
      }
    ],
    "isTemplate": false,
    "count": 0,
    "updated": 1534265054
  },
  {
    "id": "9ec1bd78-5d5f-429b-8c6a-a7a994e5a545",
    "data": [
      {
        "text": "What is check in and check out time?",
        "userDefined": false
      }
    ],
    "isTemplate": false,
    "count": 0,
    "updated": 1534265019
  }
]