[
  {
    "id": "df1954bf-aa45-4e23-9148-4e8bfd17a77d",
    "data": [
      {
        "text": "is there a place for my ",
        "userDefined": false
      },
      {
        "text": "child",
        "meta": "@sys.ignore",
        "userDefined": false
      },
      {
        "text": " to play",
        "userDefined": false
      }
    ],
    "isTemplate": false,
    "count": 0,
    "updated": 1534279188
  },
  {
    "id": "0c66eade-2cfa-4456-92bc-9b43002ca364",
    "data": [
      {
        "text": "is there car rentals",
        "userDefined": false
      }
    ],
    "isTemplate": false,
    "count": 0,
    "updated": 1534279188
  },
  {
    "id": "7d60af01-a049-40a7-9818-5f923be400a3",
    "data": [
      {
        "text": "can i rent a car",
        "userDefined": false
      }
    ],
    "isTemplate": false,
    "count": 0,
    "updated": 1534279188
  },
  {
    "id": "2956d72a-2460-4106-8846-98489b9a0f4e",
    "data": [
      {
        "text": "is there restaurants?",
        "userDefined": false
      }
    ],
    "isTemplate": false,
    "count": 0,
    "updated": 1534279188
  },
  {
    "id": "8af9979a-a8bb-491a-af95-6c6379f0b0c6",
    "data": [
      {
        "text": "is there shopping?",
        "userDefined": false
      }
    ],
    "isTemplate": false,
    "count": 0,
    "updated": 1534279188
  },
  {
    "id": "71c47c3b-d8d4-42bd-8c0f-135e95331b31",
    "data": [
      {
        "text": "are there meeting rooms?",
        "userDefined": false
      }
    ],
    "isTemplate": false,
    "count": 0,
    "updated": 1534279188
  },
  {
    "id": "be91a4dc-6f2e-4547-853b-55190c590cc3",
    "data": [
      {
        "text": "are there business rooms?",
        "userDefined": false
      }
    ],
    "isTemplate": false,
    "count": 0,
    "updated": 1534279188
  },
  {
    "id": "78434bea-955b-4d73-9964-2c8857d6c725",
    "data": [
      {
        "text": "are there volley ball courts?",
        "userDefined": false
      }
    ],
    "isTemplate": false,
    "count": 0,
    "updated": 1534279188
  },
  {
    "id": "4c28e57b-b0e1-401e-85e9-9a66d1119346",
    "data": [
      {
        "text": "are there tennis courts?",
        "userDefined": false
      }
    ],
    "isTemplate": false,
    "count": 0,
    "updated": 1534279188
  },
  {
    "id": "cd993631-71a5-4fe4-b623-8f240efa3fd4",
    "data": [
      {
        "text": "is there a fitness center?",
        "userDefined": false
      }
    ],
    "isTemplate": false,
    "count": 0,
    "updated": 1534279188
  },
  {
    "id": "3a145787-22ba-42c1-877d-11c794d2bebf",
    "data": [
      {
        "text": "is there a gym?",
        "userDefined": false
      }
    ],
    "isTemplate": false,
    "count": 0,
    "updated": 1534279188
  },
  {
    "id": "3aa44a42-67ab-4ef8-ac9f-4b7a5acc9c17",
    "data": [
      {
        "text": "Is there a pool?",
        "userDefined": false
      }
    ],
    "isTemplate": false,
    "count": 0,
    "updated": 1534279188
  },
  {
    "id": "e7103ac8-3581-4f67-85b4-dc001a6f70e4",
    "data": [
      {
        "text": "What amenities are available?",
        "userDefined": false
      }
    ],
    "isTemplate": false,
    "count": 0,
    "updated": 1534279188
  },
  {
    "id": "c2770ae9-3011-4d09-8c1c-b12731882c00",
    "data": [
      {
        "text": "What kind of property amenities are available?",
        "userDefined": false
      }
    ],
    "isTemplate": false,
    "count": 0,
    "updated": 1534265944
  }
]