[
  {
    "id": "22d751c1-1f78-494f-95d8-2c4244e5d663",
    "data": [
      {
        "text": "can you clarify",
        "userDefined": false
      }
    ],
    "isTemplate": false,
    "count": 0,
    "updated": 1535066899
  },
  {
    "id": "05ba088b-c3fe-4dae-bc18-8add036897be",
    "data": [
      {
        "text": "can you give me more information",
        "userDefined": false
      }
    ],
    "isTemplate": false,
    "count": 0,
    "updated": 1535066899
  },
  {
    "id": "5bb11240-95c8-471f-bffc-de606fea8f75",
    "data": [
      {
        "text": "i dont get it",
        "userDefined": false
      }
    ],
    "isTemplate": false,
    "count": 0,
    "updated": 1535066899
  },
  {
    "id": "236c2ebf-7487-415b-b621-9cdf1b33e2f8",
    "data": [
      {
        "text": "sorry, what?",
        "userDefined": false
      }
    ],
    "isTemplate": false,
    "count": 0,
    "updated": 1535066899
  },
  {
    "id": "92b455b2-dc0c-4daf-bf3f-c058997db5ac",
    "data": [
      {
        "text": "im confused",
        "userDefined": false
      }
    ],
    "isTemplate": false,
    "count": 1,
    "updated": 1535066899
  },
  {
    "id": "9cc3d336-0c62-4645-bcb6-1aac99d0b1d0",
    "data": [
      {
        "text": "what do you mean",
        "userDefined": false
      }
    ],
    "isTemplate": false,
    "count": 0,
    "updated": 1535066899
  },
  {
    "id": "384782c0-540d-4f58-b596-77cb163c1ef9",
    "data": [
      {
        "text": "wait what do i do",
        "userDefined": false
      }
    ],
    "isTemplate": false,
    "count": 0,
    "updated": 1535066899
  },
  {
    "id": "d8f887ab-7de0-4054-87fd-60b82649b532",
    "data": [
      {
        "text": "I don\u0027t understand",
        "userDefined": false
      }
    ],
    "isTemplate": false,
    "count": 0,
    "updated": 1535066899
  },
  {
    "id": "79db7d93-6a4f-41d7-a1de-49906a04219a",
    "data": [
      {
        "text": "what?",
        "userDefined": false
      }
    ],
    "isTemplate": false,
    "count": 0,
    "updated": 1535066899
  }
]