[
  {
    "id": "aaecfbda-1409-45f7-9762-a4fed2bf42d2",
    "data": [
      {
        "text": "what city charges the most",
        "userDefined": false
      }
    ],
    "isTemplate": false,
    "count": 0,
    "updated": 1535736595
  },
  {
    "id": "879e3d35-4541-42cf-959d-26c290705c7f",
    "data": [
      {
        "text": "where do you charge the highest rates",
        "userDefined": false
      }
    ],
    "isTemplate": false,
    "count": 0,
    "updated": 1535736595
  },
  {
    "id": "8f3759d2-3eea-4c7a-a233-df2e30a5187b",
    "data": [
      {
        "text": "where is it the most expensive to stay?",
        "userDefined": false
      }
    ],
    "isTemplate": false,
    "count": 0,
    "updated": 1534975046
  },
  {
    "id": "55c13fa5-cb9e-4ebc-b72c-757c4403668d",
    "data": [
      {
        "text": "What are the most expensive ",
        "userDefined": false
      },
      {
        "text": "markets",
        "alias": "MarketList",
        "meta": "@MarketList",
        "userDefined": false
      },
      {
        "text": "?",
        "userDefined": false
      }
    ],
    "isTemplate": false,
    "count": 0,
    "updated": 1534975046
  }
]