[
  {
    "id": "f3de4ead-595e-4370-b56b-fb0533b8f394",
    "data": [
      {
        "text": "the tv is not working",
        "userDefined": false
      }
    ],
    "isTemplate": false,
    "count": 0,
    "updated": 1534281264
  },
  {
    "id": "d5d8e147-3803-4234-8321-1c7fb866f3c9",
    "data": [
      {
        "text": "how do i set up the phone",
        "userDefined": false
      }
    ],
    "isTemplate": false,
    "count": 0,
    "updated": 1534281264
  },
  {
    "id": "1dfa688e-f336-40b1-a20d-e58d9b030ec9",
    "data": [
      {
        "text": "are there instructions for the router",
        "userDefined": false
      }
    ],
    "isTemplate": false,
    "count": 0,
    "updated": 1534281264
  },
  {
    "id": "a6681913-4862-4d2b-a2cf-67ae1fc11ee3",
    "data": [
      {
        "text": "i need instructions for the appliances",
        "userDefined": false
      }
    ],
    "isTemplate": false,
    "count": 0,
    "updated": 1534281264
  },
  {
    "id": "9d70023b-9e8c-46a3-8f49-42f0bf4ca55c",
    "data": [
      {
        "text": "where are the instructions for the tv",
        "userDefined": false
      }
    ],
    "isTemplate": false,
    "count": 0,
    "updated": 1534281264
  },
  {
    "id": "b0e1eb86-3a57-4fbd-a16a-49fd2c6aa6d8",
    "data": [
      {
        "text": "what if i need help with the appliances",
        "userDefined": false
      }
    ],
    "isTemplate": false,
    "count": 0,
    "updated": 1534281264
  },
  {
    "id": "dbc199ee-97b2-4eb3-bcbd-c48dd6f1ad9d",
    "data": [
      {
        "text": "i cant figure out the remotes",
        "userDefined": false
      }
    ],
    "isTemplate": false,
    "count": 0,
    "updated": 1534281264
  },
  {
    "id": "bbab9007-c2b6-4b46-96f7-305b6635f9b6",
    "data": [
      {
        "text": "how do i turn on the stereo",
        "userDefined": false
      }
    ],
    "isTemplate": false,
    "count": 0,
    "updated": 1534281264
  },
  {
    "id": "d4ea0478-c366-4274-b334-95c6fae19772",
    "data": [
      {
        "text": "how do i use the tv",
        "userDefined": false
      }
    ],
    "isTemplate": false,
    "count": 0,
    "updated": 1534281264
  },
  {
    "id": "2d0fb0d5-52d0-47ab-a5c9-29c42d479f33",
    "data": [
      {
        "text": "What if I need assistance operating the appliances and electronics in my apartment?",
        "userDefined": false
      }
    ],
    "isTemplate": false,
    "count": 0,
    "updated": 1534265994
  }
]