[
  {
    "id": "a94f3f08-2511-43bb-8071-d6c419bf34f4",
    "data": [
      {
        "text": "what kinds of furnished apartments do you offer",
        "userDefined": false
      }
    ],
    "isTemplate": false,
    "count": 0,
    "updated": 1534284490
  },
  {
    "id": "b461d7dd-e465-4a14-aef2-3dc43658f183",
    "data": [
      {
        "text": "how many bedrooms do your apartments have",
        "userDefined": false
      }
    ],
    "isTemplate": false,
    "count": 0,
    "updated": 1534284490
  },
  {
    "id": "7d2c4cd2-9d8f-4564-aa51-8a432df40b45",
    "data": [
      {
        "text": "how big are the apartments you offer",
        "userDefined": false
      }
    ],
    "isTemplate": false,
    "count": 0,
    "updated": 1534284490
  },
  {
    "id": "2cc1429d-6d1c-4a58-8de7-c325f7a2ab87",
    "data": [
      {
        "text": "what kinds of apartments do you have",
        "userDefined": false
      }
    ],
    "isTemplate": false,
    "count": 0,
    "updated": 1534284490
  },
  {
    "id": "344291fa-ca62-480a-9b36-a15c975a4b04",
    "data": [
      {
        "text": "What types of furnished and serviced apartments are available?",
        "userDefined": false
      }
    ],
    "isTemplate": false,
    "count": 0,
    "updated": 1534265467
  }
]