[
  {
    "id": "204b9313-69ee-4f72-a571-b3855a4368ad",
    "data": [
      {
        "text": "ok who do i call",
        "userDefined": false
      }
    ],
    "isTemplate": false,
    "count": 1,
    "updated": 1536179056
  },
  {
    "id": "0d1e315a-0fa1-4665-b1b1-11a5238c2196",
    "data": [
      {
        "text": "can i call someone",
        "userDefined": false
      }
    ],
    "isTemplate": false,
    "count": 2,
    "updated": 0
  },
  {
    "id": "e44d170d-5d94-427b-8d04-e778b0e97c09",
    "data": [
      {
        "text": "give me a different phone number",
        "userDefined": false
      }
    ],
    "isTemplate": false,
    "count": 0,
    "updated": 1534267062
  },
  {
    "id": "477c5f11-8fea-4fdd-aaf0-df4a2ebd5b17",
    "data": [
      {
        "text": "i want to talk to a person",
        "userDefined": false
      }
    ],
    "isTemplate": false,
    "count": 2,
    "updated": 1534197918
  },
  {
    "id": "76f49428-787d-47e7-a277-0def6f2c0fae",
    "data": [
      {
        "text": "what number do i call for help",
        "userDefined": false
      }
    ],
    "isTemplate": false,
    "count": 0,
    "updated": 1534197918
  },
  {
    "id": "637833ee-99f8-4755-92e8-b92c1cf5da04",
    "data": [
      {
        "text": "what is the customer service number",
        "userDefined": false
      }
    ],
    "isTemplate": false,
    "count": 0,
    "updated": 1534197918
  }
]