[
  {
    "id": "447d6e08-b79f-4ac6-8b49-009f908233e4",
    "data": [
      {
        "text": "is money order accepted",
        "userDefined": false
      }
    ],
    "isTemplate": false,
    "count": 0,
    "updated": 1534280463
  },
  {
    "id": "809704b9-8df7-4a51-a96b-e1fe37db7299",
    "data": [
      {
        "text": "can i pay with wire transfer",
        "userDefined": false
      }
    ],
    "isTemplate": false,
    "count": 0,
    "updated": 1534280463
  },
  {
    "id": "1d948535-452b-493b-832d-1cd6536c2c4d",
    "data": [
      {
        "text": "how do i pay",
        "userDefined": false
      }
    ],
    "isTemplate": false,
    "count": 0,
    "updated": 1534280463
  },
  {
    "id": "5c45b72f-5637-4ede-8ff3-d14e66373213",
    "data": [
      {
        "text": "who pays, me or my company?",
        "userDefined": false
      }
    ],
    "isTemplate": false,
    "count": 0,
    "updated": 1534280463
  },
  {
    "id": "756e5719-6c55-466d-b5c6-80ff6c747f52",
    "data": [
      {
        "text": "can i pay ",
        "userDefined": false
      },
      {
        "text": "rent",
        "meta": "@sys.ignore",
        "userDefined": false
      },
      {
        "text": " with checks",
        "userDefined": false
      }
    ],
    "isTemplate": false,
    "count": 0,
    "updated": 1534265724
  },
  {
    "id": "71b53fc1-836a-4ad3-9efc-e5778f802e24",
    "data": [
      {
        "text": "can i pay cash",
        "userDefined": false
      }
    ],
    "isTemplate": false,
    "count": 0,
    "updated": 1534265724
  },
  {
    "id": "a4fde79e-4260-493b-bf6c-8c1bd7c0ad95",
    "data": [
      {
        "text": "do you accept credit card",
        "userDefined": false
      }
    ],
    "isTemplate": false,
    "count": 0,
    "updated": 1534265724
  },
  {
    "id": "7f2d6cfd-edfe-478f-9180-73f34a3ae82b",
    "data": [
      {
        "text": "how am i supposed to pay",
        "userDefined": false
      }
    ],
    "isTemplate": false,
    "count": 0,
    "updated": 1534265724
  },
  {
    "id": "358abc1f-c0a0-4a8e-8d87-a84d17f5f2f5",
    "data": [
      {
        "text": "how can i pay",
        "userDefined": false
      }
    ],
    "isTemplate": false,
    "count": 0,
    "updated": 1534265724
  },
  {
    "id": "e500b766-7b6e-4ac2-b82f-9321fadb180e",
    "data": [
      {
        "text": "What are my payment options?",
        "userDefined": false
      }
    ],
    "isTemplate": false,
    "count": 0,
    "updated": 1534265724
  }
]