[
  {
    "id": "5a7476f9-dd39-4a11-a6a3-0cc1764be20c",
    "data": [
      {
        "text": "what is oakwoods most popular property",
        "userDefined": false
      }
    ],
    "isTemplate": false,
    "count": 0,
    "updated": 1533841084
  },
  {
    "id": "021b9717-6862-4412-86c1-d3e0776405e9",
    "data": [
      {
        "text": "what are big destinations currently",
        "userDefined": false
      }
    ],
    "isTemplate": false,
    "count": 0,
    "updated": 1533841084
  },
  {
    "id": "e8151e78-ce2f-484f-a737-18bf4fe19f57",
    "data": [
      {
        "text": "where can i stay",
        "userDefined": false
      }
    ],
    "isTemplate": false,
    "count": 0,
    "updated": 1533841084
  },
  {
    "id": "10446d2c-3e1c-44f7-900d-5516ecd5d1fe",
    "data": [
      {
        "text": "what is your most popular locatoin",
        "userDefined": false
      }
    ],
    "isTemplate": false,
    "count": 0,
    "updated": 1533841084
  },
  {
    "id": "6ae04684-e879-4047-b6cb-19cafd0af247",
    "data": [
      {
        "text": "what are your popular locations",
        "userDefined": false
      }
    ],
    "isTemplate": false,
    "count": 0,
    "updated": 1533841084
  },
  {
    "id": "b68b17cd-adbc-4244-ad3b-243a6c0fd2b6",
    "data": [
      {
        "text": "what is your most popular location",
        "userDefined": false
      }
    ],
    "isTemplate": false,
    "count": 0,
    "updated": 1533841084
  },
  {
    "id": "cadbf6a0-dfd5-421f-894e-e50e46679e37",
    "data": [
      {
        "text": "where do a lot of people stay",
        "userDefined": false
      }
    ],
    "isTemplate": false,
    "count": 0,
    "updated": 1533841084
  },
  {
    "id": "adb95091-4326-4401-9257-eb074a0403ca",
    "data": [
      {
        "text": "where do most people stay in ",
        "userDefined": false
      },
      {
        "text": "europe",
        "alias": "ow_regions",
        "meta": "@ow_regions",
        "userDefined": false
      }
    ],
    "isTemplate": false,
    "count": 2,
    "updated": 1533841084
  },
  {
    "id": "fa0d7119-8724-413a-a7ae-4bf220c40763",
    "data": [
      {
        "text": "what\u0027s popular in ",
        "userDefined": false
      },
      {
        "text": "asia",
        "alias": "ow_regions",
        "meta": "@ow_regions",
        "userDefined": false
      }
    ],
    "isTemplate": false,
    "count": 0,
    "updated": 1533841084
  },
  {
    "id": "61bea3e2-b14c-40d9-912f-9b83ca6c090f",
    "data": [
      {
        "text": "what properties are popular",
        "userDefined": false
      }
    ],
    "isTemplate": false,
    "count": 1,
    "updated": 1533841084
  },
  {
    "id": "8f243ce5-85be-4bc6-8120-cfb668604b89",
    "data": [
      {
        "text": "what building is most popular",
        "userDefined": false
      }
    ],
    "isTemplate": false,
    "count": 0,
    "updated": 1533841084
  },
  {
    "id": "f69b04e9-5db0-4f81-b820-dd5938868a40",
    "data": [
      {
        "text": "where do most people stay",
        "userDefined": false
      }
    ],
    "isTemplate": false,
    "count": 0,
    "updated": 1533841084
  }
]