[
  {
    "id": "0288f031-c056-4fb0-b025-1812689cf4ca",
    "data": [
      {
        "text": "what are your rates and cancellation policy",
        "userDefined": false
      }
    ],
    "isTemplate": false,
    "count": 0,
    "updated": 1536096318
  },
  {
    "id": "515f1a15-9830-4c18-967c-7566a190862d",
    "data": [
      {
        "text": "what happens if i need to cancel my reservation",
        "userDefined": false
      }
    ],
    "isTemplate": false,
    "count": 0,
    "updated": 1536096110
  },
  {
    "id": "502373c6-b256-478e-b909-59c32fd74d9b",
    "data": [
      {
        "text": "can i cancel my reservation",
        "userDefined": false
      }
    ],
    "isTemplate": false,
    "count": 0,
    "updated": 1536096110
  },
  {
    "id": "eef98467-9bb8-4a50-bf79-d47f93e9d8dd",
    "data": [
      {
        "text": "What is your cancellation policy?",
        "userDefined": false
      }
    ],
    "isTemplate": false,
    "count": 0,
    "updated": 1536096110
  }
]