[
  {
    "id": "89d04fd0-f708-49d8-b8c2-7d94e86fb790",
    "data": [
      {
        "text": "is subleasing allowed",
        "userDefined": false
      }
    ],
    "isTemplate": false,
    "count": 0,
    "updated": 1536085126
  },
  {
    "id": "4dc0d71d-2b63-4ed1-a76f-2bcce943e212",
    "data": [
      {
        "text": "am i allowed to get a subletter?",
        "userDefined": false
      }
    ],
    "isTemplate": false,
    "count": 0,
    "updated": 1536085126
  },
  {
    "id": "2a2df4a2-ae96-4779-86a1-f60254bf318c",
    "data": [
      {
        "text": "am i allowed to air bnb my unit",
        "userDefined": false
      }
    ],
    "isTemplate": false,
    "count": 0,
    "updated": 1536085126
  },
  {
    "id": "355bebdb-7bd0-44e3-b297-1422f195d593",
    "data": [
      {
        "text": "how do i go about subleasing my unit",
        "userDefined": false
      }
    ],
    "isTemplate": false,
    "count": 0,
    "updated": 1536085126
  },
  {
    "id": "2fffe569-bdaa-4b18-bb9c-94871ec6b739",
    "data": [
      {
        "text": "what is the policy on subleasing",
        "userDefined": false
      }
    ],
    "isTemplate": false,
    "count": 0,
    "updated": 1536085126
  },
  {
    "id": "acc7ab2c-80e0-4cc6-ad90-86cdfb8b32ea",
    "data": [
      {
        "text": "do you assist in subleasing?",
        "userDefined": false
      }
    ],
    "isTemplate": false,
    "count": 0,
    "updated": 1536085126
  },
  {
    "id": "6d2b7d00-c838-49eb-a63c-04dde7929930",
    "data": [
      {
        "text": "can you get me a subletter?",
        "userDefined": false
      }
    ],
    "isTemplate": false,
    "count": 0,
    "updated": 1536085126
  },
  {
    "id": "11ffceee-a502-4a28-a312-dbdb31ee1bc9",
    "data": [
      {
        "text": "can i sublet or airbnb my place if ill be gone",
        "userDefined": false
      }
    ],
    "isTemplate": false,
    "count": 0,
    "updated": 1536085126
  },
  {
    "id": "ac0d64c5-e82a-4c92-b67d-ac9ffed7b1ab",
    "data": [
      {
        "text": "if i sign a lease for ",
        "userDefined": false
      },
      {
        "text": "a year",
        "meta": "@sys.ignore",
        "userDefined": false
      },
      {
        "text": " and end up traveling for work can i sublet my unit",
        "userDefined": false
      }
    ],
    "isTemplate": false,
    "count": 0,
    "updated": 1536085126
  },
  {
    "id": "706b0f4b-f2ed-46f0-8b60-ad12db8d1158",
    "data": [
      {
        "text": "just wondering if i travel for work and the unit will be empty can i sublease it",
        "userDefined": false
      }
    ],
    "isTemplate": false,
    "count": 0,
    "updated": 1536085126
  },
  {
    "id": "4e618234-0085-486d-b2f4-86ba81ce7ebb",
    "data": [
      {
        "text": "can i sublet my apartment if i have to move again",
        "userDefined": false
      }
    ],
    "isTemplate": false,
    "count": 0,
    "updated": 1536085126
  },
  {
    "id": "66b73c28-05d6-4604-ad49-e9955f9de798",
    "data": [
      {
        "text": "Can i find a subletter?",
        "userDefined": false
      }
    ],
    "isTemplate": false,
    "count": 0,
    "updated": 1536085126
  },
  {
    "id": "1efa7491-99fd-4c7f-9ae4-a8a908e7cd68",
    "data": [
      {
        "text": "Is subleasing allowed?",
        "userDefined": false
      }
    ],
    "isTemplate": false,
    "count": 0,
    "updated": 1536085126
  },
  {
    "id": "f74a6461-246d-4148-9315-5b48de186057",
    "data": [
      {
        "text": "What is your subleasing policy?",
        "userDefined": false
      }
    ],
    "isTemplate": false,
    "count": 0,
    "updated": 1536085126
  }
]