[
  {
    "id": "f3edf0df-494f-4dce-854f-18e25418b08e",
    "data": [
      {
        "text": "are a ",
        "userDefined": false
      },
      {
        "text": "1 bedroom",
        "alias": "types",
        "meta": "@types",
        "userDefined": false
      },
      {
        "text": " and a ",
        "userDefined": false
      },
      {
        "text": "studio",
        "alias": "types1",
        "meta": "@types",
        "userDefined": false
      },
      {
        "text": " different?",
        "userDefined": false
      }
    ],
    "isTemplate": false,
    "count": 0,
    "updated": 1536097681
  },
  {
    "id": "85334831-5b7a-47a9-8242-cab41c86ada5",
    "data": [
      {
        "text": "whats the difference between a ",
        "userDefined": false
      },
      {
        "text": "studio",
        "alias": "types",
        "meta": "@types",
        "userDefined": false
      },
      {
        "text": " and ",
        "userDefined": false
      },
      {
        "text": "1 bed",
        "alias": "types1",
        "meta": "@types",
        "userDefined": false
      },
      {
        "text": " apartment",
        "userDefined": false
      }
    ],
    "isTemplate": false,
    "count": 0,
    "updated": 1536097681
  },
  {
    "id": "6c2bf849-476d-4c2b-93e3-e305af0f50ad",
    "data": [
      {
        "text": "why is a ",
        "userDefined": false
      },
      {
        "text": "1 bedroom",
        "alias": "types",
        "meta": "@types",
        "userDefined": false
      },
      {
        "text": " so much more expensive than a ",
        "userDefined": false
      },
      {
        "text": "studio",
        "alias": "types1",
        "meta": "@types",
        "userDefined": false
      }
    ],
    "isTemplate": false,
    "count": 0,
    "updated": 1536097681
  },
  {
    "id": "a03d2658-2f0b-4abb-9c6e-99c0e3b1164a",
    "data": [
      {
        "text": "What\u0027s the difference between a ",
        "userDefined": false
      },
      {
        "text": "studio",
        "alias": "types",
        "meta": "@types",
        "userDefined": false
      },
      {
        "text": " and a ",
        "userDefined": false
      },
      {
        "text": "1 bedroom",
        "alias": "types1",
        "meta": "@types",
        "userDefined": false
      },
      {
        "text": "?",
        "userDefined": false
      }
    ],
    "isTemplate": false,
    "count": 0,
    "updated": 1536097681
  }
]