[
  {
    "id": "db8443f3-dd7c-4bdf-a5d2-25e98ba97ffd",
    "data": [
      {
        "text": "who are you",
        "userDefined": false
      }
    ],
    "isTemplate": false,
    "count": 0,
    "updated": 1535739710
  },
  {
    "id": "303b642b-8ab4-4e7d-babc-b21ffa4340fd",
    "data": [
      {
        "text": "whats ur name",
        "userDefined": false
      }
    ],
    "isTemplate": false,
    "count": 0,
    "updated": 1535739710
  },
  {
    "id": "f8359896-5732-4a23-80f2-6dad62cb01fa",
    "data": [
      {
        "text": "What is your name?",
        "userDefined": false
      }
    ],
    "isTemplate": false,
    "count": 0,
    "updated": 1534876078
  },
  {
    "id": "603e9293-688c-4a7c-92d2-163437433e38",
    "data": [
      {
        "text": "Do you have a name?",
        "userDefined": false
      }
    ],
    "isTemplate": false,
    "count": 0,
    "updated": 1534876078
  }
]