[
  {
    "id": "4ef450c5-605f-4f43-a0c4-7e47fbedf3e7",
    "data": [
      {
        "text": "what do i do with my key before check out",
        "userDefined": false
      }
    ],
    "isTemplate": false,
    "count": 0,
    "updated": 1534279424
  },
  {
    "id": "5f47ca35-48ae-4771-ae68-245837827430",
    "data": [
      {
        "text": "do i lock up before checking out",
        "userDefined": false
      }
    ],
    "isTemplate": false,
    "count": 0,
    "updated": 1534279424
  },
  {
    "id": "57ec40f8-cdd3-4f3c-8696-06f7ff21c5df",
    "data": [
      {
        "text": "where do i leave my keys to check out",
        "userDefined": false
      }
    ],
    "isTemplate": false,
    "count": 0,
    "updated": 1534279424
  },
  {
    "id": "a27eea89-69c4-4ae6-b402-9b388f47157b",
    "data": [
      {
        "text": "where do i leave my keys",
        "userDefined": false
      }
    ],
    "isTemplate": false,
    "count": 0,
    "updated": 1534279424
  },
  {
    "id": "ce59de69-4f07-48c5-b3f3-19b957a346c9",
    "data": [
      {
        "text": "Where do i put my keys",
        "userDefined": false
      }
    ],
    "isTemplate": false,
    "count": 0,
    "updated": 1534279424
  },
  {
    "id": "1d4f9565-0ee0-4aab-9bdb-f53f33634f65",
    "data": [
      {
        "text": "Where do I leave my keys when checking out?",
        "userDefined": false
      }
    ],
    "isTemplate": false,
    "count": 0,
    "updated": 1534279424
  }
]