[
  {
    "id": "03077dc2-8686-4807-9fab-38ec26080a57",
    "data": [
      {
        "text": "i want to rent an apartment",
        "userDefined": false
      }
    ],
    "isTemplate": false,
    "count": 1,
    "updated": 0
  },
  {
    "id": "fa54d70e-f446-416d-acd8-1e954826965a",
    "data": [
      {
        "text": "where are oakwood apartments?",
        "userDefined": false
      }
    ],
    "isTemplate": false,
    "count": 0,
    "updated": 1534283041
  },
  {
    "id": "8ba7ecf8-04b3-4964-8590-a61427f510a2",
    "data": [
      {
        "text": "how many locations do you have?",
        "userDefined": false
      }
    ],
    "isTemplate": false,
    "count": 0,
    "updated": 1534283041
  },
  {
    "id": "c0f26b98-c5ef-448e-bfc6-243f4d50ab0c",
    "data": [
      {
        "text": "do you have locations in every country?",
        "userDefined": false
      }
    ],
    "isTemplate": false,
    "count": 0,
    "updated": 1534283041
  },
  {
    "id": "87e4c748-b929-4b75-ab47-98c3f6aa13bf",
    "data": [
      {
        "text": "what cities are you located in",
        "userDefined": false
      }
    ],
    "isTemplate": false,
    "count": 0,
    "updated": 1534283041
  },
  {
    "id": "6ab8f825-8d3e-4fb6-b9ea-59a5ddca380b",
    "data": [
      {
        "text": "Where are Oakwood Worldwide\u0027s apartments located?",
        "userDefined": false
      }
    ],
    "isTemplate": false,
    "count": 0,
    "updated": 1534265770
  }
]