[
  {
    "id": "ec83bc7b-8499-42bc-a6be-920949765193",
    "data": [
      {
        "text": "do you have a new ",
        "userDefined": false
      },
      {
        "text": "cfo",
        "alias": "leadership",
        "meta": "@leadership",
        "userDefined": false
      }
    ],
    "isTemplate": false,
    "count": 0,
    "updated": 1534970858
  },
  {
    "id": "bbb1ab7b-226b-4671-8235-6e14f2a19421",
    "data": [
      {
        "text": "who is in charge of asset management?",
        "userDefined": false
      }
    ],
    "isTemplate": false,
    "count": 0,
    "updated": 1534970858
  },
  {
    "id": "e0b9dd5b-2e78-4916-bb9d-bfc40ca7b77b",
    "data": [
      {
        "text": "who is the ",
        "userDefined": false
      },
      {
        "text": "sales vp",
        "alias": "leadership",
        "meta": "@leadership",
        "userDefined": false
      },
      {
        "text": "?",
        "userDefined": false
      }
    ],
    "isTemplate": false,
    "count": 0,
    "updated": 1534970858
  },
  {
    "id": "356e45d9-56fa-4b96-bf38-61c42b7b9475",
    "data": [
      {
        "text": "who is your ",
        "userDefined": false
      },
      {
        "text": "ceo",
        "alias": "leadership",
        "meta": "@leadership",
        "userDefined": false
      },
      {
        "text": "?",
        "userDefined": false
      }
    ],
    "isTemplate": false,
    "count": 0,
    "updated": 1534970858
  }
]