[
  {
    "id": "7a85c8d9-b443-4275-85ba-107e5ea6e07d",
    "data": [
      {
        "text": "who tells you ",
        "userDefined": false
      },
      {
        "text": "what",
        "meta": "@sys.ignore",
        "userDefined": false
      },
      {
        "text": " to say",
        "userDefined": false
      }
    ],
    "isTemplate": false,
    "count": 0,
    "updated": 1536333780
  },
  {
    "id": "b2aebf52-8890-4901-969e-9b3dc1a0e3a0",
    "data": [
      {
        "text": "who wrote your responses",
        "userDefined": false
      }
    ],
    "isTemplate": false,
    "count": 0,
    "updated": 1536333780
  },
  {
    "id": "9ffb4e0e-8550-4237-9c2b-42ea4c2be99f",
    "data": [
      {
        "text": "who created you",
        "userDefined": false
      }
    ],
    "isTemplate": false,
    "count": 0,
    "updated": 1536333780
  },
  {
    "id": "48183d84-3094-4734-9a9d-2541d5810e12",
    "data": [
      {
        "text": "who made you",
        "userDefined": false
      }
    ],
    "isTemplate": false,
    "count": 0,
    "updated": 1536333780
  }
]