[
  {
    "id": "2253cc09-9fe8-4f52-9b75-522d8db8989e",
    "data": [
      {
        "text": "whos on the exec board",
        "userDefined": false
      }
    ],
    "isTemplate": false,
    "count": 0,
    "updated": 1534970624
  },
  {
    "id": "7b9c8f7a-a900-4c0a-9a94-f440d7a5876d",
    "data": [
      {
        "text": "how many people are on your executive board",
        "userDefined": false
      }
    ],
    "isTemplate": false,
    "count": 0,
    "updated": 1534970624
  },
  {
    "id": "fba595f9-b95a-4cdc-87fb-f5e67bcc58c4",
    "data": [
      {
        "text": "who is on your executive board",
        "userDefined": false
      }
    ],
    "isTemplate": false,
    "count": 0,
    "updated": 1534970624
  },
  {
    "id": "1eb950f1-b9c3-45aa-af6b-f05e562fff95",
    "data": [
      {
        "text": "who is your leadership",
        "userDefined": false
      }
    ],
    "isTemplate": false,
    "count": 0,
    "updated": 1534970624
  }
]