[
  {
    "id": "e0502831-e321-4994-9492-0b97d2e45b23",
    "data": [
      {
        "text": "I want to report a problem with my apartment.",
        "userDefined": false
      }
    ],
    "isTemplate": false,
    "count": 0,
    "updated": 0
  },
  {
    "id": "bac75ed2-40bc-4d5a-a8a1-89aaa29e11dd",
    "data": [
      {
        "text": "i have a water leak",
        "userDefined": false
      }
    ],
    "isTemplate": false,
    "count": 1,
    "updated": 0
  },
  {
    "id": "d47428af-a7cc-417e-9cc5-faf29dd4fd6f",
    "data": [
      {
        "text": "i have a water lkea",
        "userDefined": false
      }
    ],
    "isTemplate": false,
    "count": 1,
    "updated": 0
  },
  {
    "id": "c86aaa53-3999-489d-bb75-1b035d84ce86",
    "data": [
      {
        "text": "i need a repair",
        "userDefined": false
      }
    ],
    "isTemplate": false,
    "count": 1,
    "updated": 0
  },
  {
    "id": "47376e18-bd5a-4f58-876d-958df1a53f22",
    "data": [
      {
        "text": "how do i get something fixed in the apartment",
        "userDefined": false
      }
    ],
    "isTemplate": false,
    "count": 0,
    "updated": 1534287470
  },
  {
    "id": "d582d295-d69b-4f6b-a29d-81780e3931b8",
    "data": [
      {
        "text": "who do i contact for repairs",
        "userDefined": false
      }
    ],
    "isTemplate": false,
    "count": 0,
    "updated": 1534287470
  },
  {
    "id": "7101d4f6-7857-4799-8485-8c0d7a7c439b",
    "data": [
      {
        "text": "my apartment needs to be serviced",
        "userDefined": false
      }
    ],
    "isTemplate": false,
    "count": 0,
    "updated": 1534287470
  },
  {
    "id": "26d087a1-7cc2-4606-b957-ee1bc293e4e3",
    "data": [
      {
        "text": "what number do i call to get a repair",
        "userDefined": false
      }
    ],
    "isTemplate": false,
    "count": 0,
    "updated": 1534287470
  },
  {
    "id": "2e172e5d-49eb-4205-aeca-fe88636896ee",
    "data": [
      {
        "text": "how do i get the apartment serviced",
        "userDefined": false
      }
    ],
    "isTemplate": false,
    "count": 0,
    "updated": 1534287470
  },
  {
    "id": "0650310d-3925-40db-8da3-bd03e31ef04a",
    "data": [
      {
        "text": "who do i call to get something fixed",
        "userDefined": false
      }
    ],
    "isTemplate": false,
    "count": 0,
    "updated": 1534287470
  },
  {
    "id": "8b7bf5ce-4f8c-419d-9ed0-e442a59624a0",
    "data": [
      {
        "text": "how do i make a service request",
        "userDefined": false
      }
    ],
    "isTemplate": false,
    "count": 0,
    "updated": 1534287470
  },
  {
    "id": "c7e2ef11-313e-41ac-9792-fecc614c4912",
    "data": [
      {
        "text": "what do i do if something is broken",
        "userDefined": false
      }
    ],
    "isTemplate": false,
    "count": 0,
    "updated": 1534287470
  },
  {
    "id": "13e4c871-515b-48b0-ad5f-8e6095cf5197",
    "data": [
      {
        "text": "Who do I contact for questions or service requests",
        "meta": "@sys.ignore",
        "userDefined": false
      },
      {
        "text": "?",
        "userDefined": false
      }
    ],
    "isTemplate": false,
    "count": 0,
    "updated": 1534287470
  }
]