[
  {
    "id": "0bdc48bf-0e8f-42b7-9f2d-9825f430162e",
    "data": [
      {
        "text": "why dont you know",
        "userDefined": false
      }
    ],
    "isTemplate": false,
    "count": 0,
    "updated": 1536178291
  },
  {
    "id": "a5c70c4d-663b-471e-b5e2-301cd90b09a4",
    "data": [
      {
        "text": "you cant tell me the ",
        "userDefined": false
      },
      {
        "text": "price",
        "meta": "@sys.ignore",
        "userDefined": false
      },
      {
        "text": "?",
        "userDefined": false
      }
    ],
    "isTemplate": false,
    "count": 0,
    "updated": 1536178291
  },
  {
    "id": "7f4f8c71-d5bf-450e-bbdb-548e3c3c0b30",
    "data": [
      {
        "text": "why dont you know the ",
        "userDefined": false
      },
      {
        "text": "price",
        "meta": "@sys.ignore",
        "userDefined": false
      }
    ],
    "isTemplate": false,
    "count": 0,
    "updated": 1536178291
  },
  {
    "id": "e7cf8a60-040e-4412-9dee-8ec096a67bbb",
    "data": [
      {
        "text": "you dont have ",
        "userDefined": false
      },
      {
        "text": "pricing",
        "meta": "@sys.ignore",
        "userDefined": false
      },
      {
        "text": " information?",
        "userDefined": false
      }
    ],
    "isTemplate": false,
    "count": 0,
    "updated": 1536178291
  },
  {
    "id": "008e636c-90e6-4f53-a4d3-504c326072a6",
    "data": [
      {
        "text": "why can\u0027t you just tell me",
        "userDefined": false
      }
    ],
    "isTemplate": false,
    "count": 0,
    "updated": 1536178291
  },
  {
    "id": "4b4b18a8-5df2-4edd-8bcd-9eab55336f68",
    "data": [
      {
        "text": "You can\u0027t give me a quote?",
        "userDefined": false
      }
    ],
    "isTemplate": false,
    "count": 0,
    "updated": 1536178291
  }
]