[
  {
    "value": "When you want to enjoy separate spaces to work, eat, sleep and relax, nothing beats a furnished apartment. Compare our floorplans to a typical hotel room. Or, take a tour of one of our apartments at www.oakwood.com.",
    "synonyms": [
      "How is an Oakwood Worldwide apartment different from a hotel?",
      "Oakwood vs hotel",
      "difference between oakwood and a hotel",
      "hotel",
      "is oakwood a hotel"
    ]
  },
  {
    "value": "Oakwood is the leading global provider of furnished and serviced apartments, with access to the largest selection of housing options and a presence in all 50 United States and more than 95 countries. ExecuStay allows guests to earn Marriott Rewards® points for stays of 30 days or more. Also, free housekeeping is included when booking an ExecuStay apartment.",
    "synonyms": [
      "What is the difference between Oakwood and ExecuStay?",
      "ExecuStay",
      "difference between oakwood and execustay",
      "oakwood vs execustay"
    ]
  },
  {
    "value": "Guests may be subject to a background check and credit check for stays of 30 days or more. A deposit may also be required. To learn more go to www.oakwood.com/locations/how-to-book",
    "synonyms": [
      "What is required in order to make a reservation?",
      "how to book",
      "What do I need to book?",
      "What do I need to make a reservation?"
    ]
  },
  {
    "value": "You can use points for free Marriott hotel nights with no blackout dates at more than 3,700 hotels in 70+ countries, across 14 distinctive Marriott brands. And you can redeem points for more resorts, golf courses, spas, top-name merchandise, travel packages and diverse experiences than you’ll find with any other hospitality program.",
    "synonyms": [
      "Can I earn Marriott Rewards Points for my stay?",
      "points",
      "Marriot",
      "®",
      "Marriott"
    ]
  },
  {
    "value": "Unfortunately, we are unable to process reservations for same day arrival.",
    "synonyms": [
      "Can I make a reservation and move in on that same day?",
      "can i move in today",
      "same day"
    ]
  },
  {
    "value": "We do allow pets of many kinds in our apartments. Each location has its own set of unique pet guidelines that can be viewed on each property page or by contacting us at +1.866.400.1925.",
    "synonyms": [
      "Are pets allowed in your apartments?",
      "pets",
      "pet",
      "dog",
      "cat",
      "dogs",
      "cats",
      "birds",
      "bird",
      "fish",
      "Are pets allowed?"
    ]
  },
  {
    "value": "Our serviced apartments are fully furnished and include a fully equipped kitchen or kitchenette with appliances, cookware, stoneware and flatware, giving you the flexibility to cook inexpensively and at your own convenience. The rate also includes internet access and all utilities, as well as in-unit or on-site laundry.",
    "synonyms": [
      "What is included in the daily rate?",
      "included",
      "is the kitchen fully stocked",
      "are utilities included",
      "what\u0027s included"
    ]
  },
  {
    "value": "If you are staying in an ExecuStay apartment, housekeeping is included in the daily rate.  In Oakwood apartments, housekeeping options do vary but in most locations you can add weekly, bi-weekly or monthly housekeeping for a small fee.",
    "synonyms": [
      "Is housekeeping included?",
      "housekeeping",
      "Is there cleaning service?",
      "maid"
    ]
  },
  {
    "value": "Once you make your reservation, documents will be emailed to you or your company’s administrator to finalize your booking.  After all paperwork is completed, your destination’s local office will contact you 5-10 days prior to your arrival with check-in instructions and other important information.",
    "synonyms": [
      "What happens after I make a reservation?",
      "What happens after I book",
      "What\u0027s next after I\u0027ve booked"
    ]
  },
  {
    "value": "Check with your company’s travel administrator to learn about any processes or requirements which are specific to your organization. If your organization allows for individual booking, many of our properties can be booked online or you can contact us at +1.866.400.1925.",
    "synonyms": [
      "How do I book an apartment under my company’s corporate account?",
      "How do I book through my company?",
      "Can my company book for me"
    ]
  },
  {
    "value": "Depending on your company’s policy, guests may pay for their apartment themselves, or may arrange to have their companies billed directly. Guests who pay individually typically choose to pay invoices monthly, although upfront payments can usually be accepted.  We accept checks, money orders and major credit cards. Other payments methods, including ACH, wire transfer, cashier\u0027s check or money order are also available.",
    "synonyms": [
      "What are my payment options?",
      "payment",
      "how can i pay",
      "how do i pay"
    ]
  },
  {
    "value": "Several days prior to your arrival, you will receive detailed check-in instructions as well as any other important information you might need to arrive and get settled.",
    "synonyms": [
      "How do I check in and access my apartment on arrival?",
      "access",
      "get into",
      "check in",
      "get in"
    ]
  },
  {
    "value": "We will confirm your check-out date with you and communicate check-out information and procedures to you prior to your departure.",
    "synonyms": [
      "Where do I leave my keys when checking out?",
      "keys",
      "key",
      "how do i check out"
    ]
  },
  {
    "value": "You will be provided with specific instructions on how to access the internet upon arrival. For additional assistance, you can call us at +1.866.344.0289.",
    "synonyms": [
      "How do I log in to the Wi-Fi in the apartment?",
      "Wi-Fi",
      "wifi",
      "wi fi"
    ]
  },
  {
    "value": "You may call us anytime at +1.866.344.0289 for questions or service requests.",
    "synonyms": [
      "Who do I contact for questions or service requests?",
      "service",
      "requests",
      "phone number"
    ]
  },
  {
    "value": "Oakwood Worldwide offers an unparalleled supply of furnished and serviced apartments in more than 25,000 global locations.",
    "synonyms": [
      "Where are Oakwood Worldwide’s apartments located?",
      "located"
    ]
  },
  {
    "value": "Most properties offer studios, one- and two-bedroom apartments, with larger apartments available in some cities.  We are often able to source other types of accommodations such as homes and other housing solutions to meet the unique needs of our clients.",
    "synonyms": [
      "What types of furnished and serviced apartments are available?",
      "types",
      "kinds",
      "how many bedrooms"
    ]
  },
  {
    "value": "Daily rates can be viewed on our website or by calling us any time 24 hours a day, 7 days a week at +1.866.400.1925.",
    "synonyms": [
      "What are your prices?",
      "prices",
      "price"
    ]
  },
  {
    "value": "While most of our properties cater to stays of 30 days or more, some locations may offer stays as short as 3 days. To learn more about the options available, enter your dates and desired location in our property search tool or fill out a housing request form.",
    "synonyms": [
      "I will be working on a project and will need accommodations for 4 consecutive weeknights. Can I book a serviced apartment for a short term stay?",
      "short",
      "one night",
      "two nights",
      "three nights"
    ]
  },
  {
    "value": "When colleagues are traveling for the same assignment, we recommend a two-bedroom apartment as a cost-effective solution. This option would typically consist of two separate bedrooms and two bathrooms with a common kitchen, living and dining space.",
    "synonyms": [
      "If a colleague and I are traveling at the same time, can we share an apartment?",
      "share",
      "can i stay with a coworker",
      "stay with a colleague"
    ]
  },
  {
    "value": "In the U.S., check in time is 3:30pm. Check out time will vary by property so please be sure to reference the move out instructions that are provided prior to your departure date.",
    "synonyms": [
      "What is check in and check out time?",
      "check out",
      "time"
    ]
  },
  {
    "value": "All of our locations offer leading hotel-like amenities. Depending on where guests stay, they may enjoy onsite swimming pools, fitness centers or health clubs, tennis courts, volleyball courts, children’s play areas, business centers, meeting rooms, shopping and restaurants, Enterprise® Car Rental service, and more.",
    "synonyms": [
      "What kind of property amenities are available?",
      "amenities",
      "services",
      "service"
    ]
  },
  {
    "value": "We offer Personal Property Protection Plus (PPP+) insurance coverage at a low additional cost that can be added to your furnished apartment daily rate.",
    "synonyms": [
      "Do you offer insurance coverage while traveling?",
      "insurance",
      "insured"
    ]
  },
  {
    "value": "Depending on the property, parking may or may not be included in the rate.   Parking information and proximity to nearby public transportation can be found on each property page or by calling us at +1.866.400.1925.",
    "synonyms": [
      "Is parking included?",
      "park",
      "parking"
    ]
  },
  {
    "value": "We do our best to honor extensions in the same unit based on availability. If we cannot extend your stay in the same unit, we can source alternative accommodations nearby.",
    "synonyms": [
      "If my project timeline or assignment is extended, can I extend my stay?",
      "extend",
      "longer"
    ]
  },
  {
    "value": "Visit guide.oakwoodworldwide.com for information and helpful instructions. You can access this resource any time, or simply download and print out what you need ahead of time before you arrive. Also, you may call us at +1.866.344.0289 for further assistance.",
    "synonyms": [
      "What if I need assistance operating the appliances and electronics in my apartment?",
      "assistance",
      "help",
      "how do i use the tv"
    ]
  }
]