[
  {
    "value": "broken phone",
    "synonyms": [
      "broken phone",
      "phone",
      "broken screen",
      "cracked phone",
      "cracked screen"
    ]
  },
  {
    "value": "lightbulb",
    "synonyms": [
      "lightbulb",
      "lightbulb out",
      "light",
      "lights"
    ]
  },
  {
    "value": "dirty room",
    "synonyms": [
      "dirty room",
      "messy room",
      "messy",
      "dirty"
    ]
  },
  {
    "value": "locked",
    "synonyms": [
      "locked",
      "locked out"
    ]
  },
  {
    "value": "password",
    "synonyms": [
      "password"
    ]
  },
  {
    "value": "broken",
    "synonyms": [
      "broken"
    ]
  },
  {
    "value": "do not know how to",
    "synonyms": [
      "do not know how to",
      "dont know how to",
      "don\u0027t know how to",
      "do not know",
      "don\u0027t know",
      "how to",
      "dont know"
    ]
  },
  {
    "value": "house",
    "synonyms": [
      "house",
      "apartment",
      "hotel",
      "building"
    ]
  },
  {
    "value": "room",
    "synonyms": [
      "room",
      "bedroom"
    ]
  },
  {
    "value": "unlock",
    "synonyms": [
      "unlock"
    ]
  },
  {
    "value": "door",
    "synonyms": [
      "door"
    ]
  },
  {
    "value": "won\u0027t work",
    "synonyms": [
      "won\u0027t work",
      "will not work",
      "doesn\u0027t work",
      "does not work",
      "will not",
      "wont",
      "won\u0027t",
      "doesnt",
      "does not"
    ]
  },
  {
    "value": "roof",
    "synonyms": [
      "roof"
    ]
  },
  {
    "value": "leaking",
    "synonyms": [
      "leaking"
    ]
  },
  {
    "value": "problem",
    "synonyms": [
      "problem"
    ]
  },
  {
    "value": "i forgot my",
    "synonyms": [
      "i forgot my",
      "forgot my",
      "forgot"
    ]
  },
  {
    "value": "keys",
    "synonyms": [
      "keys"
    ]
  }
]