[
  {
    "value": "AVG_RATE",
    "synonyms": [
      "MARKET"
    ]
  },
  {
    "value": "79",
    "synonyms": [
      "BALTIMORE"
    ]
  },
  {
    "value": "113.0338064",
    "synonyms": [
      "ABERDEEN"
    ]
  },
  {
    "value": "191.6363355",
    "synonyms": [
      "EMEA Switzerland Lausanne"
    ]
  },
  {
    "value": "89.3",
    "synonyms": [
      "S VIRGINIA"
    ]
  },
  {
    "value": "104.1313401",
    "synonyms": [
      "EMEA Germany Wurzberg"
    ]
  },
  {
    "value": "122.26",
    "synonyms": [
      "CHARLOTTE"
    ]
  },
  {
    "value": "105.1428571",
    "synonyms": [
      "KANSAS CITY"
    ]
  },
  {
    "value": "110.4825",
    "synonyms": [
      "PHOENIX"
    ]
  },
  {
    "value": "146.8514982",
    "synonyms": [
      "FRANKFURT"
    ]
  },
  {
    "value": "134.03",
    "synonyms": [
      "MIAMI"
    ]
  },
  {
    "value": "127.544391",
    "synonyms": [
      "EMEA Germany Stuttgart"
    ]
  },
  {
    "value": "108.777926",
    "synonyms": [
      "EMEA Switzerland Basel"
    ]
  },
  {
    "value": "118.05",
    "synonyms": [
      "RALEIGH"
    ]
  },
  {
    "value": "194.9786956",
    "synonyms": [
      "LOS ANGELES"
    ]
  },
  {
    "value": "79.3431484",
    "synonyms": [
      "EMEA France Nice"
    ]
  },
  {
    "value": "126.6743841",
    "synonyms": [
      "EMEA Austria Vienna"
    ]
  },
  {
    "value": "154.9598308",
    "synonyms": [
      "EMEA Germany Munich"
    ]
  },
  {
    "value": "123.6118988",
    "synonyms": [
      "EMEA Belgium Brussels"
    ]
  },
  {
    "value": "156.296923",
    "synonyms": [
      "PORTLAND"
    ]
  },
  {
    "value": "137.1232318",
    "synonyms": [
      "EMEA Switzerland Zug"
    ]
  },
  {
    "value": "158.01875",
    "synonyms": [
      "AUSTIN"
    ]
  },
  {
    "value": "189.2627272",
    "synonyms": [
      "SEATTLE"
    ]
  },
  {
    "value": "153.0653137",
    "synonyms": [
      "PARIS"
    ]
  },
  {
    "value": "120.925",
    "synonyms": [
      "MINNEAPOLIS"
    ]
  },
  {
    "value": "121.304",
    "synonyms": [
      "ATLANTA"
    ]
  },
  {
    "value": "121.75",
    "synonyms": [
      "N VIRGINIA"
    ]
  },
  {
    "value": "177.3821962",
    "synonyms": [
      "LONDON"
    ]
  },
  {
    "value": "363.3435555",
    "synonyms": [
      "AMSTERDAM"
    ]
  },
  {
    "value": "139.755",
    "synonyms": [
      "STAMFORD"
    ]
  },
  {
    "value": "99.474992",
    "synonyms": [
      "EMEA Germany Wiesbaden"
    ]
  },
  {
    "value": "114.6487146",
    "synonyms": [
      "EMEA Spain Barcelona"
    ]
  },
  {
    "value": "134.5",
    "synonyms": [
      "CLEVELAND"
    ]
  },
  {
    "value": "193.0542408",
    "synonyms": [
      "NEW YORK"
    ]
  },
  {
    "value": "169",
    "synonyms": [
      "SAN DIEGO"
    ]
  },
  {
    "value": "174.09",
    "synonyms": [
      "DENVER"
    ]
  },
  {
    "value": "135.71",
    "synonyms": [
      "BATON ROUGE"
    ]
  },
  {
    "value": "137.9722222",
    "synonyms": [
      "PHILADELPHIA"
    ]
  },
  {
    "value": "202.9902073",
    "synonyms": [
      "EMEA Germany Bonn"
    ]
  },
  {
    "value": "145.289",
    "synonyms": [
      "HOUSTON"
    ]
  },
  {
    "value": "762.8689173",
    "synonyms": [
      "NULL"
    ]
  },
  {
    "value": "173",
    "synonyms": [
      "HONOLULU"
    ]
  },
  {
    "value": "202.9994936",
    "synonyms": [
      "SILICON VALLEY"
    ]
  },
  {
    "value": "95.7582372",
    "synonyms": [
      "EMEA Sweden Stockholm"
    ]
  },
  {
    "value": "78.82",
    "synonyms": [
      "LAT AM - SAN MIGUEL DE ALLENDE"
    ]
  },
  {
    "value": "120.3428877",
    "synonyms": [
      "CANADA - CALGARY"
    ]
  },
  {
    "value": "146.7661756",
    "synonyms": [
      "EMEA Netherlands Rotterdam"
    ]
  },
  {
    "value": "125.7394163",
    "synonyms": [
      "EMEA UK Bristol"
    ]
  },
  {
    "value": "98.2387451",
    "synonyms": [
      "EMEA UK Birmingham"
    ]
  },
  {
    "value": "90.2300549",
    "synonyms": [
      "TORONTO"
    ]
  },
  {
    "value": "234.39",
    "synonyms": [
      "NEW ORLEANS"
    ]
  },
  {
    "value": "153.6595",
    "synonyms": [
      "BOSTON"
    ]
  },
  {
    "value": "120.2871428",
    "synonyms": [
      "DALLAS"
    ]
  },
  {
    "value": "88.1372049",
    "synonyms": [
      "EMEA Germany Bremen"
    ]
  },
  {
    "value": "114",
    "synonyms": [
      "LOUISVILLE"
    ]
  },
  {
    "value": "144.5",
    "synonyms": [
      "RICHMOND"
    ]
  },
  {
    "value": "108.6406143",
    "synonyms": [
      "EMEA Germany Nuremberg"
    ]
  },
  {
    "value": "85.5553703",
    "synonyms": [
      "EMEA France Grenoble"
    ]
  },
  {
    "value": "117.9507933",
    "synonyms": [
      "EMEA UK Reading"
    ]
  },
  {
    "value": "135.98",
    "synonyms": [
      "NEW JERSEY"
    ]
  },
  {
    "value": "108.8445868",
    "synonyms": [
      "CANADA - VANCOUVER"
    ]
  },
  {
    "value": "99",
    "synonyms": [
      "ST LOUIS"
    ]
  },
  {
    "value": "123.4001373",
    "synonyms": [
      "EMEA UK Edinburgh"
    ]
  },
  {
    "value": "138.6180525",
    "synonyms": [
      "EMEA Germany Mannheim"
    ]
  },
  {
    "value": "49",
    "synonyms": [
      "LAT AM - ARGENTINA MENDOZA"
    ]
  },
  {
    "value": "138.9660508",
    "synonyms": [
      "ZURICH"
    ]
  },
  {
    "value": "169",
    "synonyms": [
      "PITTSBURG"
    ]
  },
  {
    "value": "92.95",
    "synonyms": [
      "CINCINNATI"
    ]
  },
  {
    "value": "136.1985791",
    "synonyms": [
      "EMEA Netherlands Utrecht"
    ]
  },
  {
    "value": "90.79",
    "synonyms": [
      "W VIRGINIA"
    ]
  },
  {
    "value": "145.0372347",
    "synonyms": [
      "EMEA Switzerland Berne"
    ]
  },
  {
    "value": "120.7766666",
    "synonyms": [
      "MILWAUKEE"
    ]
  },
  {
    "value": "75",
    "synonyms": [
      "WICHITA"
    ]
  },
  {
    "value": "213.9413181",
    "synonyms": [
      "EMEA Denmark Copenhagen"
    ]
  },
  {
    "value": "157.1118522",
    "synonyms": [
      "DUBLIN"
    ]
  },
  {
    "value": "91.5",
    "synonyms": [
      "LITTLE ROCK"
    ]
  },
  {
    "value": "260.99",
    "synonyms": [
      "CANADA - PRINCE EDWARD ISLAND"
    ]
  },
  {
    "value": "108.33",
    "synonyms": [
      "LAT AM - BUENOS AIRES"
    ]
  },
  {
    "value": "131.3363636",
    "synonyms": [
      "CHICAGO"
    ]
  },
  {
    "value": "104.3250394",
    "synonyms": [
      "EMEA Germany Berlin"
    ]
  },
  {
    "value": "114.7583333",
    "synonyms": [
      "SALT LAKE CITY"
    ]
  },
  {
    "value": "185.9223597",
    "synonyms": [
      "EMEA Luxembourg Luxembourg"
    ]
  },
  {
    "value": "197.5611672",
    "synonyms": [
      "EMEA Germany Hamburg"
    ]
  },
  {
    "value": "104",
    "synonyms": [
      "INDIANAPOLIS"
    ]
  },
  {
    "value": "170.05",
    "synonyms": [
      "LAT AM - GUADALAJARA JAL"
    ]
  },
  {
    "value": "112.6666666",
    "synonyms": [
      "LAS VEGAS"
    ]
  },
  {
    "value": "117.055",
    "synonyms": [
      "TAMPA"
    ]
  },
  {
    "value": "116.4543315",
    "synonyms": [
      "EMEA Switzerland Solothurn"
    ]
  },
  {
    "value": "138.7233333",
    "synonyms": [
      "ORANGE COUNTY"
    ]
  },
  {
    "value": "118.6914359",
    "synonyms": [
      "EMEA Germany Dortmund"
    ]
  },
  {
    "value": "100.4911969",
    "synonyms": [
      "EMEA Italy Milan"
    ]
  },
  {
    "value": "111",
    "synonyms": [
      "LAT AM - SAN JUAN"
    ]
  },
  {
    "value": "105",
    "synonyms": [
      "SOUTH CAROLINA"
    ]
  },
  {
    "value": "2674.715876",
    "synonyms": [
      "SINGAPORE"
    ]
  },
  {
    "value": "65.895",
    "synonyms": [
      "LAT AM - BOGOTA"
    ]
  },
  {
    "value": "99.7840253",
    "synonyms": [
      "LAT AM - SAO PAULO"
    ]
  },
  {
    "value": "96.0509243",
    "synonyms": [
      "DUBAI"
    ]
  },
  {
    "value": "50.3654286",
    "synonyms": [
      "CANADA - MONTREAL"
    ]
  },
  {
    "value": "116.412",
    "synonyms": [
      "DETROIT"
    ]
  },
  {
    "value": "225",
    "synonyms": [
      "SAN FRANCISCO"
    ]
  },
  {
    "value": "80.99",
    "synonyms": [
      "ALABAMA"
    ]
  },
  {
    "value": "95.15",
    "synonyms": [
      "TENNESSEE"
    ]
  },
  {
    "value": "127.6",
    "synonyms": [
      "EMEA Morocco Casablanca"
    ]
  },
  {
    "value": "158.6393056",
    "synonyms": [
      "EMEA Poland Warsaw"
    ]
  },
  {
    "value": "122.9011378",
    "synonyms": [
      "EMEA Germany Cologne"
    ]
  },
  {
    "value": "98",
    "synonyms": [
      "COLUMBUS"
    ]
  },
  {
    "value": "105.9163974",
    "synonyms": [
      "EMEA Germany Dusseldorf"
    ]
  },
  {
    "value": "135.0017749",
    "synonyms": [
      "EMEA Germany Dachau"
    ]
  },
  {
    "value": "130.4995617",
    "synonyms": [
      "LAT AM - MEXICO CITY"
    ]
  },
  {
    "value": "172.8946042",
    "synonyms": [
      "GENEVA"
    ]
  },
  {
    "value": "113.054237",
    "synonyms": [
      "EMEA Netherlands The Hague"
    ]
  },
  {
    "value": "54.6618142",
    "synonyms": [
      "APAC Philippines Manila"
    ]
  }
]