[
  {
    "value": "AVG_RATE",
    "synonyms": [
      "MARKET"
    ]
  },
  {
    "value": "163.048405",
    "synonyms": [
      "NULL"
    ]
  },
  {
    "value": "214.8996689",
    "synonyms": [
      "ABERDEEN"
    ]
  },
  {
    "value": "146",
    "synonyms": [
      "Alabama"
    ]
  },
  {
    "value": "239.7396029",
    "synonyms": [
      "AMSTERDAM"
    ]
  },
  {
    "value": "256.1290492",
    "synonyms": [
      "APAC - BRISBANE"
    ]
  },
  {
    "value": "273.4616116",
    "synonyms": [
      "APAC - PERTH"
    ]
  },
  {
    "value": "281.0468636",
    "synonyms": [
      "APAC Australia Brisbane"
    ]
  },
  {
    "value": "188.905145",
    "synonyms": [
      "APAC Australia Melbourne"
    ]
  },
  {
    "value": "252.5414112",
    "synonyms": [
      "APAC Australia Perth"
    ]
  },
  {
    "value": "79.883609",
    "synonyms": [
      "APAC Malaysia Kuala Lumpur"
    ]
  },
  {
    "value": "143.6636346",
    "synonyms": [
      "APAC Philippines Manila"
    ]
  },
  {
    "value": "188.3157894",
    "synonyms": [
      "ATLANTA"
    ]
  },
  {
    "value": "185.8125",
    "synonyms": [
      "AUSTIN"
    ]
  },
  {
    "value": "349",
    "synonyms": [
      "BALTIMORE"
    ]
  },
  {
    "value": "207.2",
    "synonyms": [
      "BATON ROUGE"
    ]
  },
  {
    "value": "312.5454545",
    "synonyms": [
      "BOSTON"
    ]
  },
  {
    "value": "204.4513096",
    "synonyms": [
      "CANADA - BURNABY"
    ]
  },
  {
    "value": "142.688862",
    "synonyms": [
      "CANADA - CALGARY"
    ]
  },
  {
    "value": "156.0035305",
    "synonyms": [
      "CANADA - EDMONTON"
    ]
  },
  {
    "value": "155.3751172",
    "synonyms": [
      "CANADA - FT. SASKATCHEWAN"
    ]
  },
  {
    "value": "137.5132155",
    "synonyms": [
      "CANADA - MISSASSAUGA OAKVILLE"
    ]
  },
  {
    "value": "156.2180387",
    "synonyms": [
      "CANADA - MONTREAL"
    ]
  },
  {
    "value": "131.8854482",
    "synonyms": [
      "CANADA - OTTAWA"
    ]
  },
  {
    "value": "94.9024754",
    "synonyms": [
      "CANADA - QUEBEC CITY"
    ]
  },
  {
    "value": "125.135545",
    "synonyms": [
      "CANADA - SARNIA"
    ]
  },
  {
    "value": "159.7142857",
    "synonyms": [
      "CHARLOTTE"
    ]
  },
  {
    "value": "254.4285714",
    "synonyms": [
      "CHICAGO"
    ]
  },
  {
    "value": "142.125",
    "synonyms": [
      "CINCINNATI"
    ]
  },
  {
    "value": "215",
    "synonyms": [
      "CLEVELAND"
    ]
  },
  {
    "value": "148",
    "synonyms": [
      "Colorado"
    ]
  },
  {
    "value": "148",
    "synonyms": [
      "COLUMBUS"
    ]
  },
  {
    "value": "202.9705882",
    "synonyms": [
      "DALLAS"
    ]
  },
  {
    "value": "198.8816216",
    "synonyms": [
      "DENVER"
    ]
  },
  {
    "value": "169",
    "synonyms": [
      "DETROIT"
    ]
  },
  {
    "value": "275.1953345",
    "synonyms": [
      "DUBAI"
    ]
  },
  {
    "value": "245.6396751",
    "synonyms": [
      "DUBLIN"
    ]
  },
  {
    "value": "345.4978432",
    "synonyms": [
      "EMEA Austria Vienna"
    ]
  },
  {
    "value": "378.7906699",
    "synonyms": [
      "EMEA Belgium Brussels"
    ]
  },
  {
    "value": "463.4337158",
    "synonyms": [
      "EMEA Denmark Copenhagen"
    ]
  },
  {
    "value": "388.5846917",
    "synonyms": [
      "EMEA Germany Berlin"
    ]
  },
  {
    "value": "342.852319",
    "synonyms": [
      "EMEA Italy Milan"
    ]
  },
  {
    "value": "170",
    "synonyms": [
      "EMEA Kenya Nairobi"
    ]
  },
  {
    "value": "234.9672067",
    "synonyms": [
      "EMEA Netherlands Groningen"
    ]
  },
  {
    "value": "187.2773672",
    "synonyms": [
      "EMEA Netherlands The Hague"
    ]
  },
  {
    "value": "166.5714647",
    "synonyms": [
      "EMEA Netherlands Utrecht"
    ]
  },
  {
    "value": "369.0398078",
    "synonyms": [
      "EMEA Nigeria Lagos"
    ]
  },
  {
    "value": "161.8930027",
    "synonyms": [
      "EMEA Poland Warsaw"
    ]
  },
  {
    "value": "165.3306714",
    "synonyms": [
      "EMEA South Africa Johannesburg"
    ]
  },
  {
    "value": "208.9004926",
    "synonyms": [
      "EMEA Spain Barcelona"
    ]
  },
  {
    "value": "210.4699935",
    "synonyms": [
      "EMEA Spain Madrid"
    ]
  },
  {
    "value": "191.7164619",
    "synonyms": [
      "EMEA Switzerland Berne"
    ]
  },
  {
    "value": "268.7595927",
    "synonyms": [
      "EMEA Switzerland Lausanne"
    ]
  },
  {
    "value": "243.6907917",
    "synonyms": [
      "EMEA Switzerland Zug"
    ]
  },
  {
    "value": "287.134969",
    "synonyms": [
      "EMEA UK Bracknell"
    ]
  },
  {
    "value": "83361.86881",
    "synonyms": [
      "EMEA UK Cambridge"
    ]
  },
  {
    "value": "274.1992168",
    "synonyms": [
      "EMEA UK Edinburgh"
    ]
  },
  {
    "value": "217.4812262",
    "synonyms": [
      "EMEA UK Guildford"
    ]
  },
  {
    "value": "206.2489465",
    "synonyms": [
      "EMEA UK Reading"
    ]
  },
  {
    "value": "188.5425852",
    "synonyms": [
      "EMEA UK Windsor"
    ]
  },
  {
    "value": "295.8423968",
    "synonyms": [
      "FRANKFURT"
    ]
  },
  {
    "value": "400.9530372",
    "synonyms": [
      "GENEVA"
    ]
  },
  {
    "value": "224.9",
    "synonyms": [
      "HONOLULU"
    ]
  },
  {
    "value": "212.5416666",
    "synonyms": [
      "HOUSTON"
    ]
  },
  {
    "value": "289",
    "synonyms": [
      "Illinois"
    ]
  },
  {
    "value": "134",
    "synonyms": [
      "INDIANAPOLIS"
    ]
  },
  {
    "value": "171.5",
    "synonyms": [
      "JACKSONVILLE"
    ]
  },
  {
    "value": "185.6",
    "synonyms": [
      "KANSAS CITY"
    ]
  },
  {
    "value": "143.5",
    "synonyms": [
      "KENTUCKY"
    ]
  },
  {
    "value": "193.7",
    "synonyms": [
      "LAS VEGAS"
    ]
  },
  {
    "value": "143.27",
    "synonyms": [
      "LAT AM - BOGOTA"
    ]
  },
  {
    "value": "212",
    "synonyms": [
      "LAT AM - BUENOS AIRES"
    ]
  },
  {
    "value": "180.3728632",
    "synonyms": [
      "LAT AM - MEXICO CITY"
    ]
  },
  {
    "value": "163.6",
    "synonyms": [
      "LAT AM - PANAMA"
    ]
  },
  {
    "value": "126.373376",
    "synonyms": [
      "LAT AM - QUERETARO QRO"
    ]
  },
  {
    "value": "150.6180358",
    "synonyms": [
      "LAT AM - RIO DE JANIERO"
    ]
  },
  {
    "value": "137.5",
    "synonyms": [
      "LAT AM - SANTIAGO"
    ]
  },
  {
    "value": "187.5818848",
    "synonyms": [
      "LAT AM - SAO PAULO"
    ]
  },
  {
    "value": "219.6452631",
    "synonyms": [
      "LAT AM - TRINIDAD AND TOBAGO"
    ]
  },
  {
    "value": "170",
    "synonyms": [
      "LITTLE ROCK"
    ]
  },
  {
    "value": "357.4554441",
    "synonyms": [
      "LONDON"
    ]
  },
  {
    "value": "267.5714285",
    "synonyms": [
      "LOS ANGELES"
    ]
  },
  {
    "value": "219.7445833",
    "synonyms": [
      "MIAMI"
    ]
  },
  {
    "value": "221",
    "synonyms": [
      "MILWAUKEE"
    ]
  },
  {
    "value": "227.4",
    "synonyms": [
      "N VIRGINIA"
    ]
  },
  {
    "value": "246.7",
    "synonyms": [
      "NEW JERSEY"
    ]
  },
  {
    "value": "293",
    "synonyms": [
      "NEW YORK"
    ]
  },
  {
    "value": "227",
    "synonyms": [
      "OKLAHOMA CITY"
    ]
  },
  {
    "value": "191.25",
    "synonyms": [
      "OMAHA"
    ]
  },
  {
    "value": "226",
    "synonyms": [
      "ORANGE COUNTY"
    ]
  },
  {
    "value": "188.4",
    "synonyms": [
      "ORLANDO"
    ]
  },
  {
    "value": "495.1005036",
    "synonyms": [
      "PARIS"
    ]
  },
  {
    "value": "156.7916666",
    "synonyms": [
      "PHILADELPHIA"
    ]
  },
  {
    "value": "350.6578947",
    "synonyms": [
      "PHOENIX"
    ]
  },
  {
    "value": "199.71",
    "synonyms": [
      "PITTSBURG"
    ]
  },
  {
    "value": "220.095238",
    "synonyms": [
      "PORTLAND"
    ]
  },
  {
    "value": "143.5",
    "synonyms": [
      "RALEIGH"
    ]
  },
  {
    "value": "190",
    "synonyms": [
      "RICHMOND"
    ]
  },
  {
    "value": "207",
    "synonyms": [
      "S. CAROLINA"
    ]
  },
  {
    "value": "229",
    "synonyms": [
      "SACRAMENTO"
    ]
  },
  {
    "value": "180.1111111",
    "synonyms": [
      "SALT LAKE CITY"
    ]
  },
  {
    "value": "284.3888888",
    "synonyms": [
      "SAN DIEGO"
    ]
  },
  {
    "value": "289.6666666",
    "synonyms": [
      "SAN FRANCISCO"
    ]
  },
  {
    "value": "251.6363636",
    "synonyms": [
      "SEATTLE"
    ]
  },
  {
    "value": "339.5789473",
    "synonyms": [
      "SILICON VALLEY"
    ]
  },
  {
    "value": "3319.016591",
    "synonyms": [
      "SINGAPORE"
    ]
  },
  {
    "value": "136.2",
    "synonyms": [
      "SOUTH CAROLINA"
    ]
  },
  {
    "value": "210.8181818",
    "synonyms": [
      "ST LOUIS"
    ]
  },
  {
    "value": "337.5",
    "synonyms": [
      "STAMFORD"
    ]
  },
  {
    "value": "202.7142857",
    "synonyms": [
      "TAMPA"
    ]
  },
  {
    "value": "171.8333333",
    "synonyms": [
      "TENNESSEE"
    ]
  },
  {
    "value": "172.5666536",
    "synonyms": [
      "TORONTO"
    ]
  },
  {
    "value": "129",
    "synonyms": [
      "TULSA"
    ]
  },
  {
    "value": "203",
    "synonyms": [
      "Washington"
    ]
  },
  {
    "value": "141.6666666",
    "synonyms": [
      "WICHITA"
    ]
  },
  {
    "value": "270.9433484",
    "synonyms": [
      "ZURICH"
    ]
  }
]