[
  {
    "value": "AVG_RATE",
    "synonyms": [
      "MARKET"
    ]
  },
  {
    "value": "95.5259402",
    "synonyms": [
      "APAC - PHILIPPINES"
    ]
  },
  {
    "value": "136.9989116",
    "synonyms": [
      "APAC Australia Melbourne"
    ]
  },
  {
    "value": "105.9944079",
    "synonyms": [
      "ABERDEEN"
    ]
  },
  {
    "value": "146.2429166",
    "synonyms": [
      "BALTIMORE"
    ]
  },
  {
    "value": "105.2",
    "synonyms": [
      "US - TENNESSEE"
    ]
  },
  {
    "value": "98.3147222",
    "synonyms": [
      "CANADA - MISSASSAUGA OAKVILLE"
    ]
  },
  {
    "value": "162.1483672",
    "synonyms": [
      "EMEA Switzerland Lausanne"
    ]
  },
  {
    "value": "129",
    "synonyms": [
      "S VIRGINIA"
    ]
  },
  {
    "value": "195.6386535",
    "synonyms": [
      "EMEA Germany Wurzberg"
    ]
  },
  {
    "value": "113.0042774",
    "synonyms": [
      "CHARLOTTE"
    ]
  },
  {
    "value": "122.2372881",
    "synonyms": [
      "KANSAS CITY"
    ]
  },
  {
    "value": "132.9100714",
    "synonyms": [
      "PHOENIX"
    ]
  },
  {
    "value": "190.9747583",
    "synonyms": [
      "FRANKFURT"
    ]
  },
  {
    "value": "140.8333333",
    "synonyms": [
      "Illinois"
    ]
  },
  {
    "value": "112",
    "synonyms": [
      "US - ALABAMA"
    ]
  },
  {
    "value": "161.3119526",
    "synonyms": [
      "MIAMI"
    ]
  },
  {
    "value": "137.7842177",
    "synonyms": [
      "APAC Australia Perth"
    ]
  },
  {
    "value": "96.2353337",
    "synonyms": [
      "APAC - INDONESIA"
    ]
  },
  {
    "value": "163.9285714",
    "synonyms": [
      "SACRAMENTO"
    ]
  },
  {
    "value": "142.2438481",
    "synonyms": [
      "EMEA Germany Stuttgart"
    ]
  },
  {
    "value": "88.2278374",
    "synonyms": [
      "EMEA Italy Rome"
    ]
  },
  {
    "value": "104.2679389",
    "synonyms": [
      "RALEIGH"
    ]
  },
  {
    "value": "140.7",
    "synonyms": [
      "US Maryland"
    ]
  },
  {
    "value": "208.6136248",
    "synonyms": [
      "EMEA Switzerland Basel"
    ]
  },
  {
    "value": "190.63755",
    "synonyms": [
      "LOS ANGELES"
    ]
  },
  {
    "value": "159.5830356",
    "synonyms": [
      "EMEA France Nice"
    ]
  },
  {
    "value": "109.7511326",
    "synonyms": [
      "EMEA Austria Vienna"
    ]
  },
  {
    "value": "173.9220072",
    "synonyms": [
      "EMEA Germany Munich"
    ]
  },
  {
    "value": "117.8614321",
    "synonyms": [
      "EMEA Belgium Brussels"
    ]
  },
  {
    "value": "163.6286626",
    "synonyms": [
      "PORTLAND"
    ]
  },
  {
    "value": "178.7770874",
    "synonyms": [
      "EMEA Switzerland Zug"
    ]
  },
  {
    "value": "66.7901553",
    "synonyms": [
      "LAT AM - CAMPINAS"
    ]
  },
  {
    "value": "141.533258",
    "synonyms": [
      "AUSTIN"
    ]
  },
  {
    "value": "183.6278106",
    "synonyms": [
      "SEATTLE"
    ]
  },
  {
    "value": "132.2561896",
    "synonyms": [
      "APAC - NEW ZEALAND"
    ]
  },
  {
    "value": "152.5",
    "synonyms": [
      "New Jersey - All"
    ]
  },
  {
    "value": "160.2904968",
    "synonyms": [
      "PARIS"
    ]
  },
  {
    "value": "124.5490625",
    "synonyms": [
      "MINNEAPOLIS"
    ]
  },
  {
    "value": "119.5144867",
    "synonyms": [
      "EMEA South Africa Cape Town"
    ]
  },
  {
    "value": "120.2236666",
    "synonyms": [
      "ATLANTA"
    ]
  },
  {
    "value": "101.7109582",
    "synonyms": [
      "CANADA - HALIFAX"
    ]
  },
  {
    "value": "96.5",
    "synonyms": [
      "Florida - Jacksonville"
    ]
  },
  {
    "value": "90.9599704",
    "synonyms": [
      "CANADA - KINGSTON"
    ]
  },
  {
    "value": "145.1465354",
    "synonyms": [
      "N VIRGINIA"
    ]
  },
  {
    "value": "139.2905765",
    "synonyms": [
      "EMEA Germany Neuruppin"
    ]
  },
  {
    "value": "107.16",
    "synonyms": [
      "LAT AM - SAN JOSE"
    ]
  },
  {
    "value": "87.3393817",
    "synonyms": [
      "CANADA - REGINA"
    ]
  },
  {
    "value": "119.6905537",
    "synonyms": [
      "EMEA UK Glasgow"
    ]
  },
  {
    "value": "183.4587212",
    "synonyms": [
      "LONDON"
    ]
  },
  {
    "value": "133.3333333",
    "synonyms": [
      "DES MOINES"
    ]
  },
  {
    "value": "173.7218463",
    "synonyms": [
      "AMSTERDAM"
    ]
  },
  {
    "value": "397.5",
    "synonyms": [
      "EMEA Nigeria Lagos"
    ]
  },
  {
    "value": "158.9373484",
    "synonyms": [
      "STAMFORD"
    ]
  },
  {
    "value": "108.1525466",
    "synonyms": [
      "EMEA UK Manchester"
    ]
  },
  {
    "value": "114.12375",
    "synonyms": [
      "LAT AM - PANAMA"
    ]
  },
  {
    "value": "154.3518698",
    "synonyms": [
      "EMEA Spain Madrid"
    ]
  },
  {
    "value": "114.375",
    "synonyms": [
      "S. CAROLINA"
    ]
  },
  {
    "value": "132.8679101",
    "synonyms": [
      "EMEA Spain Barcelona"
    ]
  },
  {
    "value": "149.1183101",
    "synonyms": [
      "EMEA UK Windsor"
    ]
  },
  {
    "value": "134.345614",
    "synonyms": [
      "CLEVELAND"
    ]
  },
  {
    "value": "154.7366033",
    "synonyms": [
      "APAC Malaysia Kuala Lumpur"
    ]
  },
  {
    "value": "93.8058945",
    "synonyms": [
      "EMEA UK Newcastle upon Tyne"
    ]
  },
  {
    "value": "129.8",
    "synonyms": [
      "LAT AM - LIMA"
    ]
  },
  {
    "value": "220.4403333",
    "synonyms": [
      "APAC Australia Brisbane"
    ]
  },
  {
    "value": "222.0405882",
    "synonyms": [
      "NEW YORK"
    ]
  },
  {
    "value": "169.5393548",
    "synonyms": [
      "SAN DIEGO"
    ]
  },
  {
    "value": "134.9761389",
    "synonyms": [
      "DENVER"
    ]
  },
  {
    "value": "121.8242857",
    "synonyms": [
      "BATON ROUGE"
    ]
  },
  {
    "value": "139.3925925",
    "synonyms": [
      "MARYLAND"
    ]
  },
  {
    "value": "135.6934585",
    "synonyms": [
      "EMEA UK Brighton"
    ]
  },
  {
    "value": "134.2836956",
    "synonyms": [
      "PHILADELPHIA"
    ]
  },
  {
    "value": "82.210017",
    "synonyms": [
      "LAT AM - QUERETARO QRO"
    ]
  },
  {
    "value": "145.224594",
    "synonyms": [
      "EMEA UK Portsmouth"
    ]
  },
  {
    "value": "101.7578009",
    "synonyms": [
      "CANADA - MARKHAM THORNHILL"
    ]
  },
  {
    "value": "104.0441012",
    "synonyms": [
      "EMEA Germany Bonn"
    ]
  },
  {
    "value": "122.1395977",
    "synonyms": [
      "EMEA UK Farnborough"
    ]
  },
  {
    "value": "90.8701299",
    "synonyms": [
      "EMEA Germany Starnberg"
    ]
  },
  {
    "value": "148.6795954",
    "synonyms": [
      "EMEA Russia Moscow"
    ]
  },
  {
    "value": "114.244721",
    "synonyms": [
      "EMEA South Africa Johannesburg"
    ]
  },
  {
    "value": "135.867647",
    "synonyms": [
      "HOUSTON"
    ]
  },
  {
    "value": "1499.019303",
    "synonyms": [
      "NULL"
    ]
  },
  {
    "value": "108.4666666",
    "synonyms": [
      "US Tennessee"
    ]
  },
  {
    "value": "190.8571428",
    "synonyms": [
      "HONOLULU"
    ]
  },
  {
    "value": "219.6513652",
    "synonyms": [
      "SILICON VALLEY"
    ]
  },
  {
    "value": "105.6509544",
    "synonyms": [
      "CANADA - CALGARY"
    ]
  },
  {
    "value": "137.0475798",
    "synonyms": [
      "EMEA Sweden Stockholm"
    ]
  },
  {
    "value": "100",
    "synonyms": [
      "EMEA Zimbabwe Harare"
    ]
  },
  {
    "value": "108.1820404",
    "synonyms": [
      "APAC Malaysia Kota Kinabalu"
    ]
  },
  {
    "value": "130.60536",
    "synonyms": [
      "EMEA Netherlands Rotterdam"
    ]
  },
  {
    "value": "129.7388681",
    "synonyms": [
      "EMEA UK Bristol"
    ]
  },
  {
    "value": "108.306413",
    "synonyms": [
      "EMEA UK Birmingham"
    ]
  },
  {
    "value": "99.7885329",
    "synonyms": [
      "EMEA Sweden Gothenburg"
    ]
  },
  {
    "value": "108.1219584",
    "synonyms": [
      "TORONTO"
    ]
  },
  {
    "value": "67.9764081",
    "synonyms": [
      "LAT AM - BRAZIL CAMPO BELO"
    ]
  },
  {
    "value": "158.1111111",
    "synonyms": [
      "NEW ORLEANS"
    ]
  },
  {
    "value": "89.8557447",
    "synonyms": [
      "APAC - MANILA"
    ]
  },
  {
    "value": "103",
    "synonyms": [
      "Indiana"
    ]
  },
  {
    "value": "94.53",
    "synonyms": [
      "LAT AM - COSTA RICA"
    ]
  },
  {
    "value": "192.6943227",
    "synonyms": [
      "BOSTON"
    ]
  },
  {
    "value": "159.9182388",
    "synonyms": [
      "APAC - AUSTRALIA"
    ]
  },
  {
    "value": "111.5125",
    "synonyms": [
      "JACKSONVILLE"
    ]
  },
  {
    "value": "129.328106",
    "synonyms": [
      "DALLAS"
    ]
  },
  {
    "value": "145.5051312",
    "synonyms": [
      "APAC - PERTH"
    ]
  },
  {
    "value": "76.8184667",
    "synonyms": [
      "CANADA - SARNIA"
    ]
  },
  {
    "value": "158.6083206",
    "synonyms": [
      "EMEA UK Cambridge"
    ]
  },
  {
    "value": "122.229322",
    "synonyms": [
      "RICHMOND"
    ]
  },
  {
    "value": "126.7461027",
    "synonyms": [
      "APAC - BRISBANE"
    ]
  },
  {
    "value": "105.75",
    "synonyms": [
      "LOUISVILLE"
    ]
  },
  {
    "value": "163.6666666",
    "synonyms": [
      "Washington"
    ]
  },
  {
    "value": "196.5066561",
    "synonyms": [
      "EMEA Germany Nuremberg"
    ]
  },
  {
    "value": "99.1714804",
    "synonyms": [
      "EMEA France Grenoble"
    ]
  },
  {
    "value": "168",
    "synonyms": [
      "Connecticut"
    ]
  },
  {
    "value": "121",
    "synonyms": [
      "EMEA Nigeria Abuja"
    ]
  },
  {
    "value": "116.5963522",
    "synonyms": [
      "EMEA UK Reading"
    ]
  },
  {
    "value": "119.3591257",
    "synonyms": [
      "LAT AM - RIO DE JANIERO"
    ]
  },
  {
    "value": "94",
    "synonyms": [
      "US - S. CAROLINA"
    ]
  },
  {
    "value": "135.9025902",
    "synonyms": [
      "CANADA - BURNABY"
    ]
  },
  {
    "value": "108.840343",
    "synonyms": [
      "CANADA - ST JOHNS NL"
    ]
  },
  {
    "value": "197.6666666",
    "synonyms": [
      "US - MARYLAND"
    ]
  },
  {
    "value": "113",
    "synonyms": [
      "TULSA"
    ]
  },
  {
    "value": "107.3417165",
    "synonyms": [
      "EMEA UK Swindon"
    ]
  },
  {
    "value": "154.6095338",
    "synonyms": [
      "NEW JERSEY"
    ]
  },
  {
    "value": "118.6131611",
    "synonyms": [
      "CANADA - VANCOUVER"
    ]
  },
  {
    "value": "116.1902777",
    "synonyms": [
      "ST LOUIS"
    ]
  },
  {
    "value": "127.2854036",
    "synonyms": [
      "EMEA UK Edinburgh"
    ]
  },
  {
    "value": "100.2133333",
    "synonyms": [
      "LAT AM - ARGENTINA MENDOZA"
    ]
  },
  {
    "value": "190.8261274",
    "synonyms": [
      "EMEA Germany Mannheim"
    ]
  },
  {
    "value": "129",
    "synonyms": [
      "Michigan"
    ]
  },
  {
    "value": "121.2146878",
    "synonyms": [
      "EMEA UK Leeds"
    ]
  },
  {
    "value": "158.2949618",
    "synonyms": [
      "ZURICH"
    ]
  },
  {
    "value": "66.456665",
    "synonyms": [
      "LAT AM - BRAZIL PORTO ALEGRE"
    ]
  },
  {
    "value": "129.4794444",
    "synonyms": [
      "PITTSBURG"
    ]
  },
  {
    "value": "100",
    "synonyms": [
      "LAT AM - TRINIDAD AND TOBAGO"
    ]
  },
  {
    "value": "109.112676",
    "synonyms": [
      "CINCINNATI"
    ]
  },
  {
    "value": "158.1000095",
    "synonyms": [
      "EMEA Netherlands Utrecht"
    ]
  },
  {
    "value": "228.1631712",
    "synonyms": [
      "EMEA Germany Harburg"
    ]
  },
  {
    "value": "190",
    "synonyms": [
      "W VIRGINIA"
    ]
  },
  {
    "value": "95.3843738",
    "synonyms": [
      "CANADA - EDMONTON"
    ]
  },
  {
    "value": "135.3319444",
    "synonyms": [
      "MILWAUKEE"
    ]
  },
  {
    "value": "129",
    "synonyms": [
      "IOWA"
    ]
  },
  {
    "value": "57.5658224",
    "synonyms": [
      "CANADA - WINDSOR"
    ]
  },
  {
    "value": "105.75",
    "synonyms": [
      "WICHITA"
    ]
  },
  {
    "value": "155.341609",
    "synonyms": [
      "DUBLIN"
    ]
  },
  {
    "value": "4.6553572",
    "synonyms": [
      "LAT AM - MONTEVIDEO"
    ]
  },
  {
    "value": "115.0333333",
    "synonyms": [
      "LITTLE ROCK"
    ]
  },
  {
    "value": "125.052647",
    "synonyms": [
      "LAT AM - BUENOS AIRES"
    ]
  },
  {
    "value": "81.9612288",
    "synonyms": [
      "CANADA - FT. SASKATCHEWAN"
    ]
  },
  {
    "value": "105",
    "synonyms": [
      "NASHVILLE"
    ]
  },
  {
    "value": "137.6632352",
    "synonyms": [
      "CHICAGO"
    ]
  },
  {
    "value": "127.3949438",
    "synonyms": [
      "ORLANDO"
    ]
  },
  {
    "value": "125.4977358",
    "synonyms": [
      "SALT LAKE CITY"
    ]
  },
  {
    "value": "158.7672976",
    "synonyms": [
      "EMEA Germany Berlin"
    ]
  },
  {
    "value": "208.8179204",
    "synonyms": [
      "EMEA Luxembourg Luxembourg"
    ]
  },
  {
    "value": "124.165",
    "synonyms": [
      "IDAHO"
    ]
  },
  {
    "value": "170.8633608",
    "synonyms": [
      "EMEA Germany Hamburg"
    ]
  },
  {
    "value": "47.4288559",
    "synonyms": [
      "LAT AM - AGUASCALIENTES"
    ]
  },
  {
    "value": "105.616659",
    "synonyms": [
      "CANADA - TOR DOWNTOWN"
    ]
  },
  {
    "value": "131.7416386",
    "synonyms": [
      "EMEA UK Guildford"
    ]
  },
  {
    "value": "121.6113435",
    "synonyms": [
      "CANADA - AURORA"
    ]
  },
  {
    "value": "106.2162745",
    "synonyms": [
      "INDIANAPOLIS"
    ]
  },
  {
    "value": "103.3333333",
    "synonyms": [
      "Georgia"
    ]
  },
  {
    "value": "99",
    "synonyms": [
      "Missouri - All"
    ]
  },
  {
    "value": "103.5040879",
    "synonyms": [
      "LAT AM - GUADALAJARA JAL"
    ]
  },
  {
    "value": "142.3159433",
    "synonyms": [
      "LAS VEGAS"
    ]
  },
  {
    "value": "133",
    "synonyms": [
      "Colorado"
    ]
  },
  {
    "value": "138.583173",
    "synonyms": [
      "TAMPA"
    ]
  },
  {
    "value": "162.6725233",
    "synonyms": [
      "ORANGE COUNTY"
    ]
  },
  {
    "value": "166.6939497",
    "synonyms": [
      "EMEA Switzerland Solothurn"
    ]
  },
  {
    "value": "125.7184299",
    "synonyms": [
      "EMEA UK Bracknell"
    ]
  },
  {
    "value": "141.8606643",
    "synonyms": [
      "EMEA Italy Milan"
    ]
  },
  {
    "value": "106.6028611",
    "synonyms": [
      "EMEA Germany Dortmund"
    ]
  },
  {
    "value": "187.22",
    "synonyms": [
      "LAT AM - SAN JUAN"
    ]
  },
  {
    "value": "119.7841176",
    "synonyms": [
      "OMAHA"
    ]
  },
  {
    "value": "107.6315789",
    "synonyms": [
      "SOUTH CAROLINA"
    ]
  },
  {
    "value": "2437.109533",
    "synonyms": [
      "SINGAPORE"
    ]
  },
  {
    "value": "121.9703092",
    "synonyms": [
      "LAT AM - SAO PAULO"
    ]
  },
  {
    "value": "102.0766666",
    "synonyms": [
      "LAT AM - BOGOTA"
    ]
  },
  {
    "value": "178.1617024",
    "synonyms": [
      "DUBAI"
    ]
  },
  {
    "value": "316.3409944",
    "synonyms": [
      "CANADA - MONTREAL"
    ]
  },
  {
    "value": "78.503521",
    "synonyms": [
      "APAC - THAILAND"
    ]
  },
  {
    "value": "119.8708088",
    "synonyms": [
      "DETROIT"
    ]
  },
  {
    "value": "116.5",
    "synonyms": [
      "Utah"
    ]
  },
  {
    "value": "263.6916666",
    "synonyms": [
      "SAN FRANCISCO"
    ]
  },
  {
    "value": "105.7790697",
    "synonyms": [
      "TENNESSEE"
    ]
  },
  {
    "value": "104.2407407",
    "synonyms": [
      "ALABAMA"
    ]
  },
  {
    "value": "113.8028571",
    "synonyms": [
      "EMEA Kenya Nairobi"
    ]
  },
  {
    "value": "311.7702177",
    "synonyms": [
      "APAC - JAPAN"
    ]
  },
  {
    "value": "105.0986092",
    "synonyms": [
      "CANADA - VAUGHN"
    ]
  },
  {
    "value": "99.4660124",
    "synonyms": [
      "EMEA Poland Krak�w"
    ]
  },
  {
    "value": "112.0588713",
    "synonyms": [
      "EMEA Netherlands Eindhoven"
    ]
  },
  {
    "value": "128.6123757",
    "synonyms": [
      "EMEA Poland Warsaw"
    ]
  },
  {
    "value": "99.335",
    "synonyms": [
      "ARKANSAS"
    ]
  },
  {
    "value": "109.861194",
    "synonyms": [
      "CANADA - ST JOHN NB"
    ]
  },
  {
    "value": "115.6068276",
    "synonyms": [
      "EMEA Netherlands Hertogenbosch"
    ]
  },
  {
    "value": "133.117562",
    "synonyms": [
      "EMEA Germany Cologne"
    ]
  },
  {
    "value": "105.6891304",
    "synonyms": [
      "COLUMBUS"
    ]
  },
  {
    "value": "161.8651078",
    "synonyms": [
      "LAT AM - CANCUN"
    ]
  },
  {
    "value": "193.6159427",
    "synonyms": [
      "EMEA Germany Dusseldorf"
    ]
  },
  {
    "value": "117.6666666",
    "synonyms": [
      "OKLAHOMA CITY"
    ]
  },
  {
    "value": "158.4880163",
    "synonyms": [
      "EMEA Netherlands Haarlem"
    ]
  },
  {
    "value": "94.9002449",
    "synonyms": [
      "CANADA - OTTAWA"
    ]
  },
  {
    "value": "104",
    "synonyms": [
      "EMEA UK Bournemouth"
    ]
  },
  {
    "value": "185.4117536",
    "synonyms": [
      "EMEA Germany Dachau"
    ]
  },
  {
    "value": "106.8666666",
    "synonyms": [
      "KENTUCKY"
    ]
  },
  {
    "value": "191.5455557",
    "synonyms": [
      "LAT AM - MEXICO CITY"
    ]
  },
  {
    "value": "167.6676675",
    "synonyms": [
      "APAC Malaysia Miri"
    ]
  },
  {
    "value": "193.3433634",
    "synonyms": [
      "GENEVA"
    ]
  },
  {
    "value": "94.8672778",
    "synonyms": [
      "CANADA - WINNIPEG"
    ]
  },
  {
    "value": "144.2915",
    "synonyms": [
      "APAC - MELBOURNE"
    ]
  },
  {
    "value": "111.4434079",
    "synonyms": [
      "EMEA Netherlands Groningen"
    ]
  },
  {
    "value": "135.7473729",
    "synonyms": [
      "EMEA Netherlands The Hague"
    ]
  },
  {
    "value": "105.25",
    "synonyms": [
      "LAT AM - SANTIAGO"
    ]
  },
  {
    "value": "492.2831309",
    "synonyms": [
      "APAC Philippines Manila"
    ]
  }
]