[
  {
    "value": "AVG_RATE",
    "synonyms": [
      "MARKET"
    ]
  },
  {
    "value": "433.33",
    "synonyms": [
      "NULL"
    ]
  },
  {
    "value": "153.5161597",
    "synonyms": [
      "ABERDEEN"
    ]
  },
  {
    "value": "224.6273814",
    "synonyms": [
      "AMSTERDAM"
    ]
  },
  {
    "value": "167",
    "synonyms": [
      "AUSTIN"
    ]
  },
  {
    "value": "140.3469101",
    "synonyms": [
      "CANADA - CALGARY"
    ]
  },
  {
    "value": "266",
    "synonyms": [
      "DALLAS"
    ]
  },
  {
    "value": "168.6666666",
    "synonyms": [
      "DENVER"
    ]
  },
  {
    "value": "264.9070932",
    "synonyms": [
      "DUBLIN"
    ]
  },
  {
    "value": "244.5069337",
    "synonyms": [
      "EMEA Netherlands Utre"
    ]
  },
  {
    "value": "104.936957",
    "synonyms": [
      "EMEA Spain Barcelona"
    ]
  },
  {
    "value": "214.5319721",
    "synonyms": [
      "EMEA UK Bracknell"
    ]
  },
  {
    "value": "309.8639832",
    "synonyms": [
      "GENEVA"
    ]
  },
  {
    "value": "255",
    "synonyms": [
      "LAT AM - BOGOTA"
    ]
  },
  {
    "value": "356.05",
    "synonyms": [
      "LAT AM - TRINIDAD AND"
    ]
  },
  {
    "value": "95.1666666",
    "synonyms": [
      "PHILADELPHIA"
    ]
  },
  {
    "value": "524.33",
    "synonyms": [
      "PORTLAND"
    ]
  }
]