[
  {
    "value": "AVG_RATE",
    "synonyms": [
      "MARKET"
    ]
  },
  {
    "value": "197.0867648",
    "synonyms": [
      "APAC Australia Melbourne"
    ]
  },
  {
    "value": "129",
    "synonyms": [
      "US - TENNESSEE"
    ]
  },
  {
    "value": "145.6243167",
    "synonyms": [
      "ABERDEEN"
    ]
  },
  {
    "value": "207.3076923",
    "synonyms": [
      "BALTIMORE"
    ]
  },
  {
    "value": "125.891373",
    "synonyms": [
      "CANADA - MISSASSAUGA OAKVILLE"
    ]
  },
  {
    "value": "229.6094331",
    "synonyms": [
      "EMEA Germany Kaiserslautern"
    ]
  },
  {
    "value": "144",
    "synonyms": [
      "S VIRGINIA"
    ]
  },
  {
    "value": "212.9053458",
    "synonyms": [
      "EMEA Switzerland Lausanne"
    ]
  },
  {
    "value": "137.0454545",
    "synonyms": [
      "CHARLOTTE"
    ]
  },
  {
    "value": "151.9791304",
    "synonyms": [
      "PHOENIX"
    ]
  },
  {
    "value": "142.2083333",
    "synonyms": [
      "KANSAS CITY"
    ]
  },
  {
    "value": "276.9953055",
    "synonyms": [
      "FRANKFURT"
    ]
  },
  {
    "value": "106.5",
    "synonyms": [
      "US - ALABAMA"
    ]
  },
  {
    "value": "186.4065789",
    "synonyms": [
      "MIAMI"
    ]
  },
  {
    "value": "201.9977576",
    "synonyms": [
      "APAC Australia Perth"
    ]
  },
  {
    "value": "105.3623712",
    "synonyms": [
      "APAC - INDONESIA"
    ]
  },
  {
    "value": "197.4423076",
    "synonyms": [
      "SACRAMENTO"
    ]
  },
  {
    "value": "123.4072622",
    "synonyms": [
      "EMEA Germany Stuttgart"
    ]
  },
  {
    "value": "122.6478873",
    "synonyms": [
      "RALEIGH"
    ]
  },
  {
    "value": "220",
    "synonyms": [
      "Massachusetts"
    ]
  },
  {
    "value": "136.7",
    "synonyms": [
      "US Maryland"
    ]
  },
  {
    "value": "232.5632812",
    "synonyms": [
      "LOS ANGELES"
    ]
  },
  {
    "value": "141.0533264",
    "synonyms": [
      "EMEA Austria Vienna"
    ]
  },
  {
    "value": "289.9548751",
    "synonyms": [
      "EMEA Germany Munich"
    ]
  },
  {
    "value": "386.4607866",
    "synonyms": [
      "EMEA Belgium Brussels"
    ]
  },
  {
    "value": "203.0912698",
    "synonyms": [
      "PORTLAND"
    ]
  },
  {
    "value": "204.8700687",
    "synonyms": [
      "EMEA Switzerland Zug"
    ]
  },
  {
    "value": "122.3019279",
    "synonyms": [
      "LAT AM - CAMPINAS"
    ]
  },
  {
    "value": "161.5416666",
    "synonyms": [
      "AUSTIN"
    ]
  },
  {
    "value": "209.7975",
    "synonyms": [
      "SEATTLE"
    ]
  },
  {
    "value": "170",
    "synonyms": [
      "New Jersey - All"
    ]
  },
  {
    "value": "305",
    "synonyms": [
      "Hawaii"
    ]
  },
  {
    "value": "217.4667624",
    "synonyms": [
      "PARIS"
    ]
  },
  {
    "value": "159",
    "synonyms": [
      "TUCSON"
    ]
  },
  {
    "value": "144.9336734",
    "synonyms": [
      "MINNEAPOLIS"
    ]
  },
  {
    "value": "143.3055555",
    "synonyms": [
      "ATLANTA"
    ]
  },
  {
    "value": "149",
    "synonyms": [
      "Florida - Jacksonville"
    ]
  },
  {
    "value": "189.8696969",
    "synonyms": [
      "N VIRGINIA"
    ]
  },
  {
    "value": "139.0183333",
    "synonyms": [
      "LAT AM - SAN JOSE"
    ]
  },
  {
    "value": "182.2479529",
    "synonyms": [
      "EMEA UK Glasgow"
    ]
  },
  {
    "value": "252.2670616",
    "synonyms": [
      "LONDON"
    ]
  },
  {
    "value": "218.5707596",
    "synonyms": [
      "AMSTERDAM"
    ]
  },
  {
    "value": "141.6",
    "synonyms": [
      "DES MOINES"
    ]
  },
  {
    "value": "230.7924528",
    "synonyms": [
      "STAMFORD"
    ]
  },
  {
    "value": "158.02625",
    "synonyms": [
      "EMEA UK Manchester"
    ]
  },
  {
    "value": "144.3933333",
    "synonyms": [
      "LAT AM - PANAMA"
    ]
  },
  {
    "value": "126.1462348",
    "synonyms": [
      "EMEA Netherlands Breda"
    ]
  },
  {
    "value": "159.611226",
    "synonyms": [
      "EMEA Spain Madrid"
    ]
  },
  {
    "value": "113.25",
    "synonyms": [
      "S. CAROLINA"
    ]
  },
  {
    "value": "164.6414696",
    "synonyms": [
      "EMEA Spain Barcelona"
    ]
  },
  {
    "value": "172.9200188",
    "synonyms": [
      "EMEA UK Windsor"
    ]
  },
  {
    "value": "138.6038461",
    "synonyms": [
      "CLEVELAND"
    ]
  },
  {
    "value": "75.7180259",
    "synonyms": [
      "APAC Malaysia Kuala Lumpur"
    ]
  },
  {
    "value": "460.2294425",
    "synonyms": [
      "EMEA UK Newcastle upon Tyne"
    ]
  },
  {
    "value": "165",
    "synonyms": [
      "LAT AM - LIMA"
    ]
  },
  {
    "value": "166.2757845",
    "synonyms": [
      "APAC Australia Brisbane"
    ]
  },
  {
    "value": "345.2111428",
    "synonyms": [
      "NEW YORK"
    ]
  },
  {
    "value": "211.3561538",
    "synonyms": [
      "SAN DIEGO"
    ]
  },
  {
    "value": "165.2715384",
    "synonyms": [
      "DENVER"
    ]
  },
  {
    "value": "127.3043478",
    "synonyms": [
      "BATON ROUGE"
    ]
  },
  {
    "value": "168.2727272",
    "synonyms": [
      "MARYLAND"
    ]
  },
  {
    "value": "163.5768718",
    "synonyms": [
      "EMEA Netherlands Zwolle"
    ]
  },
  {
    "value": "161.362125",
    "synonyms": [
      "PHILADELPHIA"
    ]
  },
  {
    "value": "159.532819",
    "synonyms": [
      "LAT AM - QUERETARO QRO"
    ]
  },
  {
    "value": "143.9058272",
    "synonyms": [
      "CANADA - MARKHAM THORNHILL"
    ]
  },
  {
    "value": "119.8675787",
    "synonyms": [
      "EMEA UK Portsmouth"
    ]
  },
  {
    "value": "209.7813298",
    "synonyms": [
      "EMEA Germany Bonn"
    ]
  },
  {
    "value": "170.7481678",
    "synonyms": [
      "EMEA UK Farnborough"
    ]
  },
  {
    "value": "168.8626896",
    "synonyms": [
      "EMEA Russia Moscow"
    ]
  },
  {
    "value": "74.0589739",
    "synonyms": [
      "EMEA South Africa Johannesburg"
    ]
  },
  {
    "value": "163.778",
    "synonyms": [
      "HOUSTON"
    ]
  },
  {
    "value": "163.6468449",
    "synonyms": [
      "NULL"
    ]
  },
  {
    "value": "231.2857142",
    "synonyms": [
      "HONOLULU"
    ]
  },
  {
    "value": "115.9680409",
    "synonyms": [
      "CANADA - CALGARY"
    ]
  },
  {
    "value": "267.1814485",
    "synonyms": [
      "SILICON VALLEY"
    ]
  },
  {
    "value": "156.6796223",
    "synonyms": [
      "EMEA Sweden Stockholm"
    ]
  },
  {
    "value": "149.077571",
    "synonyms": [
      "EMEA Netherlands Rotterdam"
    ]
  },
  {
    "value": "214.3511318",
    "synonyms": [
      "EMEA UK Bristol"
    ]
  },
  {
    "value": "152.3576137",
    "synonyms": [
      "EMEA UK Birmingham"
    ]
  },
  {
    "value": "127.9222623",
    "synonyms": [
      "CANADA - NORTH YORK"
    ]
  },
  {
    "value": "145.3333333",
    "synonyms": [
      "Minnesota"
    ]
  },
  {
    "value": "145.2943606",
    "synonyms": [
      "TORONTO"
    ]
  },
  {
    "value": "155.5454545",
    "synonyms": [
      "NEW ORLEANS"
    ]
  },
  {
    "value": "4669.644496",
    "synonyms": [
      "LAT AM - COLOMBIA CALI"
    ]
  },
  {
    "value": "111.83",
    "synonyms": [
      "LAT AM - COSTA RICA"
    ]
  },
  {
    "value": "234.4727272",
    "synonyms": [
      "BOSTON"
    ]
  },
  {
    "value": "141.4615384",
    "synonyms": [
      "JACKSONVILLE"
    ]
  },
  {
    "value": "157.0652531",
    "synonyms": [
      "DALLAS"
    ]
  },
  {
    "value": "185.9032767",
    "synonyms": [
      "APAC - PERTH"
    ]
  },
  {
    "value": "72.6681441",
    "synonyms": [
      "CANADA - SARNIA"
    ]
  },
  {
    "value": "193.2620752",
    "synonyms": [
      "EMEA UK Cambridge"
    ]
  },
  {
    "value": "89.0820888",
    "synonyms": [
      "LAT AM - SAO JOSE DOS CAMPOS"
    ]
  },
  {
    "value": "148.8715384",
    "synonyms": [
      "RICHMOND"
    ]
  },
  {
    "value": "176.4711526",
    "synonyms": [
      "APAC - BRISBANE"
    ]
  },
  {
    "value": "125",
    "synonyms": [
      "Delaware"
    ]
  },
  {
    "value": "342.4803092",
    "synonyms": [
      "EMEA Germany Nuremberg"
    ]
  },
  {
    "value": "114",
    "synonyms": [
      "Washington"
    ]
  },
  {
    "value": "130.6666666",
    "synonyms": [
      "LOUISVILLE"
    ]
  },
  {
    "value": "119.3316796",
    "synonyms": [
      "EMEA UK Newbury"
    ]
  },
  {
    "value": "140.1061363",
    "synonyms": [
      "EMEA France Grenoble"
    ]
  },
  {
    "value": "157.6827935",
    "synonyms": [
      "EMEA Germany Karlsruhe"
    ]
  },
  {
    "value": "134.0020489",
    "synonyms": [
      "EMEA UK Reading"
    ]
  },
  {
    "value": "210.563672",
    "synonyms": [
      "LAT AM - RIO DE JANIERO"
    ]
  },
  {
    "value": "171.2262294",
    "synonyms": [
      "CANADA - BURNABY"
    ]
  },
  {
    "value": "122.1428571",
    "synonyms": [
      "TULSA"
    ]
  },
  {
    "value": "293",
    "synonyms": [
      "US - MARYLAND"
    ]
  },
  {
    "value": "129.0102602",
    "synonyms": [
      "EMEA UK Swindon"
    ]
  },
  {
    "value": "140.4844113",
    "synonyms": [
      "CANADA - VANCOUVER"
    ]
  },
  {
    "value": "194.0138888",
    "synonyms": [
      "NEW JERSEY"
    ]
  },
  {
    "value": "148.7663157",
    "synonyms": [
      "ST LOUIS"
    ]
  },
  {
    "value": "198.526653",
    "synonyms": [
      "EMEA UK Edinburgh"
    ]
  },
  {
    "value": "377.7681247",
    "synonyms": [
      "EMEA Germany Mannheim"
    ]
  },
  {
    "value": "158",
    "synonyms": [
      "Michigan"
    ]
  },
  {
    "value": "201.5235775",
    "synonyms": [
      "ZURICH"
    ]
  },
  {
    "value": "146.5833333",
    "synonyms": [
      "PITTSBURG"
    ]
  },
  {
    "value": "175.725",
    "synonyms": [
      "LAT AM - TRINIDAD AND TOBAGO"
    ]
  },
  {
    "value": "128.6428125",
    "synonyms": [
      "CINCINNATI"
    ]
  },
  {
    "value": "160.6615626",
    "synonyms": [
      "EMEA Netherlands Utrecht"
    ]
  },
  {
    "value": "98.1236521",
    "synonyms": [
      "CANADA - EDMONTON"
    ]
  },
  {
    "value": "129",
    "synonyms": [
      "W VIRGINIA"
    ]
  },
  {
    "value": "141.6666666",
    "synonyms": [
      "IOWA"
    ]
  },
  {
    "value": "124.84375",
    "synonyms": [
      "MILWAUKEE"
    ]
  },
  {
    "value": "112",
    "synonyms": [
      "WICHITA"
    ]
  },
  {
    "value": "182.2569882",
    "synonyms": [
      "DUBLIN"
    ]
  },
  {
    "value": "135",
    "synonyms": [
      "LITTLE ROCK"
    ]
  },
  {
    "value": "88.8549655",
    "synonyms": [
      "CANADA - FT. SASKATCHEWAN"
    ]
  },
  {
    "value": "148.305",
    "synonyms": [
      "LAT AM - BUENOS AIRES"
    ]
  },
  {
    "value": "182.6616091",
    "synonyms": [
      "CHICAGO"
    ]
  },
  {
    "value": "150.7148076",
    "synonyms": [
      "ORLANDO"
    ]
  },
  {
    "value": "133",
    "synonyms": [
      "SALT LAKE CITY"
    ]
  },
  {
    "value": "239.9178515",
    "synonyms": [
      "EMEA Germany Berlin"
    ]
  },
  {
    "value": "305.5448336",
    "synonyms": [
      "EMEA Luxembourg Luxembourg"
    ]
  },
  {
    "value": "140.3333333",
    "synonyms": [
      "IDAHO"
    ]
  },
  {
    "value": "350.0861075",
    "synonyms": [
      "EMEA Germany Hamburg"
    ]
  },
  {
    "value": "166.4089279",
    "synonyms": [
      "EMEA UK Guildford"
    ]
  },
  {
    "value": "127.2333333",
    "synonyms": [
      "INDIANAPOLIS"
    ]
  },
  {
    "value": "112.5704049",
    "synonyms": [
      "EMEA South Africa Durban"
    ]
  },
  {
    "value": "169",
    "synonyms": [
      "Georgia"
    ]
  },
  {
    "value": "130.3619646",
    "synonyms": [
      "LAT AM - GUADALAJARA JAL"
    ]
  },
  {
    "value": "162.6814285",
    "synonyms": [
      "LAS VEGAS"
    ]
  },
  {
    "value": "162",
    "synonyms": [
      "Colorado"
    ]
  },
  {
    "value": "196.009481",
    "synonyms": [
      "LAT AM - SALTILLO COAH"
    ]
  },
  {
    "value": "158.7949152",
    "synonyms": [
      "TAMPA"
    ]
  },
  {
    "value": "198.9527083",
    "synonyms": [
      "ORANGE COUNTY"
    ]
  },
  {
    "value": "159.870523",
    "synonyms": [
      "EMEA Germany Dortmund"
    ]
  },
  {
    "value": "207.7992181",
    "synonyms": [
      "EMEA Italy Milan"
    ]
  },
  {
    "value": "148.1512851",
    "synonyms": [
      "EMEA UK Bracknell"
    ]
  },
  {
    "value": "130.67",
    "synonyms": [
      "LAT AM - SAN JUAN"
    ]
  },
  {
    "value": "136.75",
    "synonyms": [
      "OMAHA"
    ]
  },
  {
    "value": "114.047619",
    "synonyms": [
      "SOUTH CAROLINA"
    ]
  },
  {
    "value": "2514.744991",
    "synonyms": [
      "SINGAPORE"
    ]
  },
  {
    "value": "239",
    "synonyms": [
      "N. CAL EAST BAY"
    ]
  },
  {
    "value": "145.6714513",
    "synonyms": [
      "LAT AM - SAO PAULO"
    ]
  },
  {
    "value": "86.5",
    "synonyms": [
      "LAT AM - BOGOTA"
    ]
  },
  {
    "value": "299.8400475",
    "synonyms": [
      "DUBAI"
    ]
  },
  {
    "value": "123.0881074",
    "synonyms": [
      "CANADA - MONTREAL"
    ]
  },
  {
    "value": "135.7668571",
    "synonyms": [
      "DETROIT"
    ]
  },
  {
    "value": "115.2666666",
    "synonyms": [
      "ALABAMA"
    ]
  },
  {
    "value": "129.0357142",
    "synonyms": [
      "TENNESSEE"
    ]
  },
  {
    "value": "279.0714285",
    "synonyms": [
      "SAN FRANCISCO"
    ]
  },
  {
    "value": "139.03",
    "synonyms": [
      "EMEA Kenya Nairobi"
    ]
  },
  {
    "value": "127.9714894",
    "synonyms": [
      "EMEA Netherlands Eindhoven"
    ]
  },
  {
    "value": "91.2627182",
    "synonyms": [
      "EMEA Poland Krak�w"
    ]
  },
  {
    "value": "188.5967641",
    "synonyms": [
      "EMEA Poland Warsaw"
    ]
  },
  {
    "value": "193.7344278",
    "synonyms": [
      "EMEA Germany Cologne"
    ]
  },
  {
    "value": "126.3592592",
    "synonyms": [
      "COLUMBUS"
    ]
  },
  {
    "value": "386.1980524",
    "synonyms": [
      "EMEA Germany Dusseldorf"
    ]
  },
  {
    "value": "132.3333333",
    "synonyms": [
      "OKLAHOMA CITY"
    ]
  },
  {
    "value": "124.359471",
    "synonyms": [
      "CANADA - OTTAWA"
    ]
  },
  {
    "value": "133",
    "synonyms": [
      "KENTUCKY"
    ]
  },
  {
    "value": "395.6946894",
    "synonyms": [
      "LAT AM - MEXICO CITY"
    ]
  },
  {
    "value": "264.2435355",
    "synonyms": [
      "GENEVA"
    ]
  },
  {
    "value": "129.0882627",
    "synonyms": [
      "EMEA Netherlands Groningen"
    ]
  },
  {
    "value": "198.3182495",
    "synonyms": [
      "APAC - MELBOURNE"
    ]
  },
  {
    "value": "147.2099806",
    "synonyms": [
      "EMEA Netherlands The Hague"
    ]
  },
  {
    "value": "149.0975",
    "synonyms": [
      "LAT AM - SANTIAGO"
    ]
  },
  {
    "value": "1082.611532",
    "synonyms": [
      "APAC Philippines Manila"
    ]
  }
]