[
  {
    "id": "ce9096fe-3805-44ca-ac56-2449dcb49bd4",
    "data": [
      {
        "text": "good morning",
        "userDefined": false
      }
    ],
    "isTemplate": false,
    "count": 0,
    "updated": 1533317021
  },
  {
    "id": "d9135e66-7abc-4f28-9d57-4369ca170ed8",
    "data": [
      {
        "text": "begin",
        "userDefined": false
      }
    ],
    "isTemplate": false,
    "count": 1,
    "updated": 1533317021
  },
  {
    "id": "4dfee1a7-f9ef-4439-80e5-d00653ada5a0",
    "data": [
      {
        "text": "yo",
        "userDefined": false
      }
    ],
    "isTemplate": false,
    "count": 0,
    "updated": 1533317021
  },
  {
    "id": "a6966bb8-9cb2-4dec-9aa9-16db27cd52dd",
    "data": [
      {
        "text": "FACEBOOK_WELCOME",
        "userDefined": false
      }
    ],
    "isTemplate": false,
    "count": 0,
    "updated": 1533317021
  },
  {
    "id": "989ad2f1-4e3a-457e-9d81-7b25586e979f",
    "data": [
      {
        "text": "hello",
        "userDefined": false
      }
    ],
    "isTemplate": false,
    "count": 1,
    "updated": 1533317021
  },
  {
    "id": "d67d1476-e4cb-49ae-aadb-63134b84c999",
    "data": [
      {
        "text": "hi",
        "userDefined": false
      }
    ],
    "isTemplate": false,
    "count": 0,
    "updated": 1533317021
  },
  {
    "id": "19cd205d-13ff-4e2d-89bd-0449a1d69572",
    "data": [
      {
        "text": "get started",
        "userDefined": false
      }
    ],
    "isTemplate": false,
    "count": 1,
    "updated": 1533317021
  },
  {
    "id": "d4125850-9e5c-4acb-ba2e-1f4fa14c86e9",
    "data": [
      {
        "text": "hey",
        "userDefined": false
      }
    ],
    "isTemplate": false,
    "count": 0,
    "updated": 1533317021
  }
]