[
  {
    "id": "1f8a0c96-452d-4bf8-bf4d-df633a6f7fa0",
    "data": [
      {
        "text": "is there anything available?",
        "userDefined": false
      }
    ],
    "isTemplate": false,
    "count": 0,
    "updated": 1536781472
  },
  {
    "id": "7bc46292-f908-4a68-a77e-d6dc65046306",
    "data": [
      {
        "text": "what is available?",
        "userDefined": false
      }
    ],
    "isTemplate": false,
    "count": 0,
    "updated": 1536781472
  },
  {
    "id": "ce32dfc7-109f-466a-bee2-8ac89a054b19",
    "data": [
      {
        "text": "is there availability?",
        "userDefined": false
      }
    ],
    "isTemplate": false,
    "count": 0,
    "updated": 1536781472
  },
  {
    "id": "37c20729-2978-42b9-8d6f-4cced2a619e3",
    "data": [
      {
        "text": "What is available from ",
        "userDefined": false
      },
      {
        "text": "Augusts 29 2019",
        "alias": "in-date",
        "meta": "@sys.date",
        "userDefined": false
      },
      {
        "text": " to ",
        "userDefined": false
      },
      {
        "text": "September 5 2019",
        "alias": "out-date",
        "meta": "@sys.date",
        "userDefined": true
      }
    ],
    "isTemplate": false,
    "count": 1,
    "updated": 0
  },
  {
    "id": "b8b5596f-020f-4a16-bc23-471d260ba58c",
    "data": [
      {
        "text": "What is the availability?",
        "userDefined": false
      }
    ],
    "isTemplate": false,
    "count": 0,
    "updated": 1536692290
  }
]