[
  {
    "id": "eaec59a3-becc-4ceb-9fdb-5a5cd565bc1c",
    "data": [
      {
        "text": "does the ",
        "userDefined": false
      },
      {
        "text": "price",
        "meta": "@sys.ignore",
        "userDefined": false
      },
      {
        "text": " include taxes",
        "userDefined": false
      }
    ],
    "isTemplate": false,
    "count": 0,
    "updated": 1536620610
  },
  {
    "id": "9d0a55aa-0ef4-4316-8b1e-1f512f8cc75b",
    "data": [
      {
        "text": "is parking included in the ",
        "userDefined": false
      },
      {
        "text": "price",
        "meta": "@sys.ignore",
        "userDefined": false
      }
    ],
    "isTemplate": false,
    "count": 0,
    "updated": 1536620610
  },
  {
    "id": "aa205254-738b-407e-bd1a-580fafb81e93",
    "data": [
      {
        "text": "what is included",
        "userDefined": false
      }
    ],
    "isTemplate": false,
    "count": 0,
    "updated": 1536620610
  },
  {
    "id": "0ace14af-e3b6-4e30-abf7-923ecded9cdc",
    "data": [
      {
        "text": "what is included in the ",
        "userDefined": false
      },
      {
        "text": "price",
        "meta": "@sys.ignore",
        "userDefined": false
      },
      {
        "text": "?",
        "userDefined": false
      }
    ],
    "isTemplate": false,
    "count": 0,
    "updated": 1536620610
  }
]