[
  {
    "value": "Christopher Ahearn is Chief Executive Officer for Oakwood Worldwide.  He joined the company in this capacity in 2017, after previously serving as Senior Vice President Sales and Marketing for the company from 2005 to 2010. .",
    "synonyms": [
      "chris ahearn",
      "CEO",
      "who runs oakwood",
      "who runs your company",
      "who runs this company",
      "chief executive officer"
    ]
  },
  {
    "value": "Justin Pateman, FCMA, CGMA, MAAT, is Chief Financial Officer for Oakwood Worldwide, a role he has held since 2017. He manages global finance and accounting operations for the company, providing guidance and leadership as Oakwood moves to integrate and align its accounting practices with its new parent company, Mapletree Investments.",
    "synonyms": [
      "justin pateman",
      "cfo",
      "chief financial officer"
    ]
  },
  {
    "value": "As Senior Vice President and Chief Human Resources Officer (CRHO), Craig Simmons is charged with leading the transformation of Oakwood Worldwide. He joined the company in 2017 and oversees Oakwood’s global human resources function. He is also a member of the Oakwood Executive Committee.",
    "synonyms": [
      "craig simmons",
      "chro",
      "senior vice president",
      "senior vp",
      "chief human resources officer",
      "human resources"
    ]
  },
  {
    "value": "Mandeep Singh joined Oakwood Worldwide in 2018 as Chief Operating Officer (COO).  Singh has more than 20 years of experience in the hospitality industry spanning across operations and management, working with multiple hospitality portfolios and successfully contributing to the business’ development and revenue producing activities whilst establishing superior customer service to drive the organization’s success.",
    "synonyms": [
      "mandeep singh",
      "coo",
      "chief operating officer"
    ]
  },
  {
    "value": "Rebecca Tann serves as Senior Vice President of Sales and Marketing for Oakwood Worldwide. She joined the company in this capacity in 2018. In her current role she is responsible for setting the strategic global sales and marketing direction for the organization to drive profitable growth. Tann has led national and global teams for renowned brands such as Ford, FedEx, Gateway and Disney, and has prior experience at Oakwood having served as Vice President Global Marketing from 2006-2008.",
    "synonyms": [
      "rebecca tann",
      "vp of sales and marketing",
      "senior vice president of sales and marketing",
      "sales and marketing vp",
      "senior sales vp",
      "senior marketing vp",
      "sales vp",
      "senior sales and marketing vp"
    ]
  },
  {
    "value": "Tiffany Felix is Vice President, Global Corporate Services, Enterprise Risk and Compliance for Oakwood Worldwide. Leveraging her extensive experience in global risk management, she oversees several key functional areas including enterprise risk, business continuity, crisis management, insurance, compliance, and legal.",
    "synonyms": [
      "tiffany felix",
      "Vice President, Global Corporate Services,",
      "vp enterprise risk",
      "vp compliance",
      "risk and compliance vp",
      "global corporate services vp",
      "global risk and compliance vice president",
      "vice president of enterprise risk and compliance"
    ]
  },
  {
    "value": "As Vice President and General Manager for Oakwood Worldwide, Fred Graham is focused on driving regional profit, customer satisfaction and strategic operations for Oakwood\u0027s Americas West Coast region.  Graham joined Oakwood in 2007 as a District Manager in Maryland. From there, he was promoted and took on additional responsibilities managing the Washington D.C. and Northern Virginia areas. Thereafter, he became a regional manager in 2012.",
    "synonyms": [
      "fred graham",
      "americas general manager",
      "general manager for americas",
      "americas west general manager",
      "managing vp americas west"
    ]
  },
  {
    "value": "Bill Keffeler joined Oakwood Worldwide in 2017 as the Vice President, Shared Services.  In this capacity he oversees Oakwood’s shared services and operations center in Phoenix, Ariz., establishing strategic direction, leading a team of more than 200 employees and creating a culture of service and process excellence.",
    "synonyms": [
      "bill keffeler",
      "vp of shared services",
      "shared services vp",
      "customer service vp",
      "vp of service processes",
      "vice president of shared services",
      "shared services vice president",
      "customer service vice president",
      "vice president of service processes"
    ]
  },
  {
    "value": "Shree Khare serves as Vice President of Information Technology for Oakwood Worldwide. He joined Oakwood in this capacity in August of 2017. He is responsible for the applications, infrastructure and operations for the company.  Prior to joining Oakwood, Mr. Khare was Chief Information Officer at Classic Party Rentals- where he led the digital transformation of the company.",
    "synonyms": [
      "shree khare",
      "IT VP",
      "VP of IT",
      "vice president of it",
      "vice president of information technology",
      "information technology vp",
      "who\u0027s in charge of it"
    ]
  },
  {
    "value": "As Vice President and General Manager for Oakwood Worldwide, Tracy Levitt focused on driving regional profit, customer satisfaction and strategic operations for Oakwood’s Americas East Coast region.  Levitt joined Oakwood more than 20 years ago as a District Manager during the initial development of the corporate housing division.",
    "synonyms": [
      "tracy levitt",
      "east coast general manager",
      "east coast vp",
      "general manager of americas east"
    ]
  },
  {
    "value": "As Managing Director, Europe, the Middle East and Africa (EMEA) for Oakwood Worldwide, Tom Meertens has full oversight of finance, sales, marketing, operations and property acquisition functions across the region.  During his time at Oakwood, Meertens has been instrumental in implementing change across the region and has restructured several divisions including home services, finance and guest services; he has also added several properties to the Oakwood EMEA portfolio.",
    "synonyms": [
      "tom meertens",
      "emea managing director",
      "managing director for europe",
      "europe managing director"
    ]
  },
  {
    "value": "Christine Moore is Vice President, Global Marketing, at Oakwood Worldwide.  In this capacity, she is responsible for Oakwood’s global marketing and communications activities including strategic market planning, branding, franchise operations, digital marketing and corporate communications. She also serves as the chair of the Howard Ruby Scholarship Program.",
    "synonyms": [
      "christine moore",
      "global marketing vp",
      "global marketing vice president",
      "howard ruby scholarship chair",
      "vice president of global marketing",
      "vp global marketing",
      "marketing vp"
    ]
  },
  {
    "value": "Dean Schreiber is Managing Director, Asia Pacific at Oakwood Worldwide. He manages the company’s operations in the Asia Pacific region. He also leads the branded portfolio’s business development, finance, and investor relations in Asia Pacific.",
    "synonyms": [
      "managing director of apac",
      "managing director for asia pacific",
      "managing director in asia",
      "asia pacific managing director",
      "apac managing director",
      "operations management in apac",
      "operations management in asia pacific",
      "operations management in asia"
    ]
  },
  {
    "value": "T.J. Spencer is Vice President, Global Sales for Oakwood Worldwide.  In this role, she manages the global sales function for the organization, overseeing strategic sales teams in EMEA, APAC and the Americas.  Since joining Oakwood Worldwide in 1991, Spencer has held a wide variety of sales and operations roles, including overseeing the launch and management of Oakwood’s presence in EMEA and APAC.",
    "synonyms": [
      "vp global sales",
      "vice president of global sales",
      "global sales vp",
      "global sales vice president",
      "director of sales",
      "sales director"
    ]
  },
  {
    "value": "As Head of Investment and Asset Management for Oakwood Worldwide, Wen De Tam manages more than $600 million in property investments across the U.S., and is directly responsible for business and capital development.  Tam joined Oakwood in 2015 as part of its partnership with Mapletree Investments, assisting through its acquisition by Mapletree in February 2017.",
    "synonyms": [
      "who manages your assets",
      "head of investment",
      "head of asset management",
      "head of investment and asset management",
      "asset management"
    ]
  },
  {
    "value": "As Vice President, Operations for Oakwood Worldwide, Greg Williams spearheads U.S. operations for the Home Services Division, overseeing furnishing, cleaning, maintenance and inspection of Oakwood’s furnished apartment inventory.  He also manages distribution, logistics, procurement and inventory management operations.",
    "synonyms": [
      "vp of operations",
      "vice president of operations",
      "operations vp",
      "operations vice president",
      "who manages inventory"
    ]
  }
]