[
  {
    "value": "MARKET",
    "synonyms": [
      "MARKET"
    ]
  },
  {
    "value": "ABERDEEN",
    "synonyms": [
      "ABERDEEN"
    ]
  },
  {
    "value": "ALABAMA",
    "synonyms": [
      "ALABAMA"
    ]
  },
  {
    "value": "AMSTERDAM",
    "synonyms": [
      "AMSTERDAM"
    ]
  },
  {
    "value": "APAC - AUSTRALIA",
    "synonyms": [
      "APAC - AUSTRALIA"
    ]
  },
  {
    "value": "APAC - BRISBANE",
    "synonyms": [
      "APAC - BRISBANE"
    ]
  },
  {
    "value": "APAC - INDONESIA",
    "synonyms": [
      "APAC - INDONESIA"
    ]
  },
  {
    "value": "APAC - JAPAN",
    "synonyms": [
      "APAC - JAPAN"
    ]
  },
  {
    "value": "APAC - MANILA",
    "synonyms": [
      "APAC - MANILA"
    ]
  },
  {
    "value": "APAC - MELBOURNE",
    "synonyms": [
      "APAC - MELBOURNE"
    ]
  },
  {
    "value": "APAC - NEW ZEALAND",
    "synonyms": [
      "APAC - NEW ZEALAND"
    ]
  },
  {
    "value": "APAC - PERTH",
    "synonyms": [
      "APAC - PERTH"
    ]
  },
  {
    "value": "APAC - PHILIPPINES",
    "synonyms": [
      "APAC - PHILIPPINES"
    ]
  },
  {
    "value": "APAC - THAILAND",
    "synonyms": [
      "APAC - THAILAND"
    ]
  },
  {
    "value": "APAC Australia Brisbane",
    "synonyms": [
      "APAC Australia Brisbane"
    ]
  },
  {
    "value": "APAC Australia Melbourne",
    "synonyms": [
      "APAC Australia Melbourne"
    ]
  },
  {
    "value": "APAC Australia Perth",
    "synonyms": [
      "APAC Australia Perth"
    ]
  },
  {
    "value": "APAC Malaysia Kota Kinabalu",
    "synonyms": [
      "APAC Malaysia Kota Kinabalu"
    ]
  },
  {
    "value": "APAC Malaysia Kuala Lumpur",
    "synonyms": [
      "APAC Malaysia Kuala Lumpur"
    ]
  },
  {
    "value": "APAC Malaysia Miri",
    "synonyms": [
      "APAC Malaysia Miri"
    ]
  },
  {
    "value": "APAC Philippines Manila",
    "synonyms": [
      "APAC Philippines Manila"
    ]
  },
  {
    "value": "ARKANSAS",
    "synonyms": [
      "ARKANSAS"
    ]
  },
  {
    "value": "ATLANTA",
    "synonyms": [
      "ATLANTA"
    ]
  },
  {
    "value": "AUSTIN",
    "synonyms": [
      "AUSTIN"
    ]
  },
  {
    "value": "BALTIMORE",
    "synonyms": [
      "BALTIMORE"
    ]
  },
  {
    "value": "BATON ROUGE",
    "synonyms": [
      "BATON ROUGE"
    ]
  },
  {
    "value": "BOSTON",
    "synonyms": [
      "BOSTON"
    ]
  },
  {
    "value": "CANADA - AURORA",
    "synonyms": [
      "CANADA - AURORA"
    ]
  },
  {
    "value": "CANADA - BURNABY",
    "synonyms": [
      "CANADA - BURNABY"
    ]
  },
  {
    "value": "CANADA - CALGARY",
    "synonyms": [
      "CANADA - CALGARY"
    ]
  },
  {
    "value": "CANADA - EDMONTON",
    "synonyms": [
      "CANADA - EDMONTON"
    ]
  },
  {
    "value": "CANADA - FT. SASKATCHEWAN",
    "synonyms": [
      "CANADA - FT. SASKATCHEWAN"
    ]
  },
  {
    "value": "CANADA - HALIFAX",
    "synonyms": [
      "CANADA - HALIFAX"
    ]
  },
  {
    "value": "CANADA - KINGSTON",
    "synonyms": [
      "CANADA - KINGSTON"
    ]
  },
  {
    "value": "CANADA - MARKHAM THORNHILL",
    "synonyms": [
      "CANADA - MARKHAM THORNHILL"
    ]
  },
  {
    "value": "CANADA - MISSASSAUGA OAKVILLE",
    "synonyms": [
      "CANADA - MISSASSAUGA OAKVILLE"
    ]
  },
  {
    "value": "CANADA - MONTREAL",
    "synonyms": [
      "CANADA - MONTREAL"
    ]
  },
  {
    "value": "CANADA - NORTH YORK",
    "synonyms": [
      "CANADA - NORTH YORK"
    ]
  },
  {
    "value": "CANADA - OTTAWA",
    "synonyms": [
      "CANADA - OTTAWA"
    ]
  },
  {
    "value": "CANADA - QUEBEC CITY",
    "synonyms": [
      "CANADA - QUEBEC CITY"
    ]
  },
  {
    "value": "CANADA - REGINA",
    "synonyms": [
      "CANADA - REGINA"
    ]
  },
  {
    "value": "CANADA - SARNIA",
    "synonyms": [
      "CANADA - SARNIA"
    ]
  },
  {
    "value": "CANADA - ST JOHN NB",
    "synonyms": [
      "CANADA - ST JOHN NB"
    ]
  },
  {
    "value": "CANADA - ST JOHNS NL",
    "synonyms": [
      "CANADA - ST JOHNS NL"
    ]
  },
  {
    "value": "CANADA - TOR DOWNTOWN",
    "synonyms": [
      "CANADA - TOR DOWNTOWN"
    ]
  },
  {
    "value": "CANADA - VANCOUVER",
    "synonyms": [
      "CANADA - VANCOUVER"
    ]
  },
  {
    "value": "CANADA - VAUGHN",
    "synonyms": [
      "CANADA - VAUGHN"
    ]
  },
  {
    "value": "CANADA - WINDSOR",
    "synonyms": [
      "CANADA - WINDSOR"
    ]
  },
  {
    "value": "CANADA - WINNIPEG",
    "synonyms": [
      "CANADA - WINNIPEG"
    ]
  },
  {
    "value": "CHARLOTTE",
    "synonyms": [
      "CHARLOTTE"
    ]
  },
  {
    "value": "CHICAGO",
    "synonyms": [
      "CHICAGO"
    ]
  },
  {
    "value": "CINCINNATI",
    "synonyms": [
      "CINCINNATI"
    ]
  },
  {
    "value": "CLEVELAND",
    "synonyms": [
      "CLEVELAND"
    ]
  },
  {
    "value": "Colorado",
    "synonyms": [
      "Colorado"
    ]
  },
  {
    "value": "COLUMBUS",
    "synonyms": [
      "COLUMBUS"
    ]
  },
  {
    "value": "Connecticut",
    "synonyms": [
      "Connecticut"
    ]
  },
  {
    "value": "DALLAS",
    "synonyms": [
      "DALLAS"
    ]
  },
  {
    "value": "Delaware",
    "synonyms": [
      "Delaware"
    ]
  },
  {
    "value": "DENVER",
    "synonyms": [
      "DENVER"
    ]
  },
  {
    "value": "DES MOINES",
    "synonyms": [
      "DES MOINES"
    ]
  },
  {
    "value": "DETROIT",
    "synonyms": [
      "DETROIT"
    ]
  },
  {
    "value": "DUBAI",
    "synonyms": [
      "DUBAI"
    ]
  },
  {
    "value": "DUBLIN",
    "synonyms": [
      "DUBLIN"
    ]
  },
  {
    "value": "EMEA Austria Vienna",
    "synonyms": [
      "EMEA Austria Vienna"
    ]
  },
  {
    "value": "EMEA Belgium Brussels",
    "synonyms": [
      "EMEA Belgium Brussels"
    ]
  },
  {
    "value": "EMEA France Grenoble",
    "synonyms": [
      "EMEA France Grenoble"
    ]
  },
  {
    "value": "EMEA France Nice",
    "synonyms": [
      "EMEA France Nice"
    ]
  },
  {
    "value": "EMEA Germany Berlin",
    "synonyms": [
      "EMEA Germany Berlin"
    ]
  },
  {
    "value": "EMEA Germany Bonn",
    "synonyms": [
      "EMEA Germany Bonn"
    ]
  },
  {
    "value": "EMEA Germany Bremen",
    "synonyms": [
      "EMEA Germany Bremen"
    ]
  },
  {
    "value": "EMEA Germany Cologne",
    "synonyms": [
      "EMEA Germany Cologne"
    ]
  },
  {
    "value": "EMEA Germany Dachau",
    "synonyms": [
      "EMEA Germany Dachau"
    ]
  },
  {
    "value": "EMEA Germany Dortmund",
    "synonyms": [
      "EMEA Germany Dortmund"
    ]
  },
  {
    "value": "EMEA Germany Dusseldorf",
    "synonyms": [
      "EMEA Germany Dusseldorf"
    ]
  },
  {
    "value": "EMEA Germany Hamburg",
    "synonyms": [
      "EMEA Germany Hamburg"
    ]
  },
  {
    "value": "EMEA Germany Harburg",
    "synonyms": [
      "EMEA Germany Harburg"
    ]
  },
  {
    "value": "EMEA Germany Kaiserslautern",
    "synonyms": [
      "EMEA Germany Kaiserslautern"
    ]
  },
  {
    "value": "EMEA Germany Karlsruhe",
    "synonyms": [
      "EMEA Germany Karlsruhe"
    ]
  },
  {
    "value": "EMEA Germany Mannheim",
    "synonyms": [
      "EMEA Germany Mannheim"
    ]
  },
  {
    "value": "EMEA Germany Munich",
    "synonyms": [
      "EMEA Germany Munich"
    ]
  },
  {
    "value": "EMEA Germany Neuruppin",
    "synonyms": [
      "EMEA Germany Neuruppin"
    ]
  },
  {
    "value": "EMEA Germany Nuremberg",
    "synonyms": [
      "EMEA Germany Nuremberg"
    ]
  },
  {
    "value": "EMEA Germany Starnberg",
    "synonyms": [
      "EMEA Germany Starnberg"
    ]
  },
  {
    "value": "EMEA Germany Stuttgart",
    "synonyms": [
      "EMEA Germany Stuttgart"
    ]
  },
  {
    "value": "EMEA Germany Wiesbaden",
    "synonyms": [
      "EMEA Germany Wiesbaden"
    ]
  },
  {
    "value": "EMEA Germany Wurzberg",
    "synonyms": [
      "EMEA Germany Wurzberg"
    ]
  },
  {
    "value": "EMEA Italy Milan",
    "synonyms": [
      "EMEA Italy Milan"
    ]
  },
  {
    "value": "EMEA Italy Rome",
    "synonyms": [
      "EMEA Italy Rome"
    ]
  },
  {
    "value": "EMEA Kenya Nairobi",
    "synonyms": [
      "EMEA Kenya Nairobi"
    ]
  },
  {
    "value": "EMEA Luxembourg Luxembourg",
    "synonyms": [
      "EMEA Luxembourg Luxembourg"
    ]
  },
  {
    "value": "EMEA Morocco Casablanca",
    "synonyms": [
      "EMEA Morocco Casablanca"
    ]
  },
  {
    "value": "EMEA Netherlands Breda",
    "synonyms": [
      "EMEA Netherlands Breda"
    ]
  },
  {
    "value": "EMEA Netherlands Eindhoven",
    "synonyms": [
      "EMEA Netherlands Eindhoven"
    ]
  },
  {
    "value": "EMEA Netherlands Groningen",
    "synonyms": [
      "EMEA Netherlands Groningen"
    ]
  },
  {
    "value": "EMEA Netherlands Haarlem",
    "synonyms": [
      "EMEA Netherlands Haarlem"
    ]
  },
  {
    "value": "EMEA Netherlands Hertogenbosch",
    "synonyms": [
      "EMEA Netherlands Hertogenbosch"
    ]
  },
  {
    "value": "EMEA Netherlands Rotterdam",
    "synonyms": [
      "EMEA Netherlands Rotterdam"
    ]
  },
  {
    "value": "EMEA Netherlands The Hague",
    "synonyms": [
      "EMEA Netherlands The Hague"
    ]
  },
  {
    "value": "EMEA Netherlands Utrecht",
    "synonyms": [
      "EMEA Netherlands Utrecht"
    ]
  },
  {
    "value": "EMEA Netherlands Zwolle",
    "synonyms": [
      "EMEA Netherlands Zwolle"
    ]
  },
  {
    "value": "EMEA Nigeria Abuja",
    "synonyms": [
      "EMEA Nigeria Abuja"
    ]
  },
  {
    "value": "EMEA Nigeria Lagos",
    "synonyms": [
      "EMEA Nigeria Lagos"
    ]
  },
  {
    "value": "EMEA Poland Kraków",
    "synonyms": [
      "EMEA Poland Kraków",
      "EMEA Poland Krakow"
    ]
  },
  {
    "value": "EMEA Poland Warsaw",
    "synonyms": [
      "EMEA Poland Warsaw"
    ]
  },
  {
    "value": "EMEA Russia Moscow",
    "synonyms": [
      "EMEA Russia Moscow"
    ]
  },
  {
    "value": "EMEA South Africa Cape Town",
    "synonyms": [
      "EMEA South Africa Cape Town"
    ]
  },
  {
    "value": "EMEA South Africa Durban",
    "synonyms": [
      "EMEA South Africa Durban"
    ]
  },
  {
    "value": "EMEA South Africa Johannesburg",
    "synonyms": [
      "EMEA South Africa Johannesburg"
    ]
  },
  {
    "value": "EMEA Spain Barcelona",
    "synonyms": [
      "EMEA Spain Barcelona"
    ]
  },
  {
    "value": "EMEA Spain Madrid",
    "synonyms": [
      "EMEA Spain Madrid"
    ]
  },
  {
    "value": "EMEA Sweden Gothenburg",
    "synonyms": [
      "EMEA Sweden Gothenburg"
    ]
  },
  {
    "value": "EMEA Sweden Stockholm",
    "synonyms": [
      "EMEA Sweden Stockholm"
    ]
  },
  {
    "value": "EMEA Switzerland Basel",
    "synonyms": [
      "EMEA Switzerland Basel"
    ]
  },
  {
    "value": "EMEA Switzerland Berne",
    "synonyms": [
      "EMEA Switzerland Berne"
    ]
  },
  {
    "value": "EMEA Switzerland Lausanne",
    "synonyms": [
      "EMEA Switzerland Lausanne"
    ]
  },
  {
    "value": "EMEA Switzerland Solothurn",
    "synonyms": [
      "EMEA Switzerland Solothurn"
    ]
  },
  {
    "value": "EMEA Switzerland Zug",
    "synonyms": [
      "EMEA Switzerland Zug"
    ]
  },
  {
    "value": "EMEA UK Birmingham",
    "synonyms": [
      "EMEA UK Birmingham"
    ]
  },
  {
    "value": "EMEA UK Bournemouth",
    "synonyms": [
      "EMEA UK Bournemouth"
    ]
  },
  {
    "value": "EMEA UK Bracknell",
    "synonyms": [
      "EMEA UK Bracknell"
    ]
  },
  {
    "value": "EMEA UK Brighton",
    "synonyms": [
      "EMEA UK Brighton"
    ]
  },
  {
    "value": "EMEA UK Bristol",
    "synonyms": [
      "EMEA UK Bristol"
    ]
  },
  {
    "value": "EMEA UK Cambridge",
    "synonyms": [
      "EMEA UK Cambridge"
    ]
  },
  {
    "value": "EMEA UK Edinburgh",
    "synonyms": [
      "EMEA UK Edinburgh"
    ]
  },
  {
    "value": "EMEA UK Farnborough",
    "synonyms": [
      "EMEA UK Farnborough"
    ]
  },
  {
    "value": "EMEA UK Glasgow",
    "synonyms": [
      "EMEA UK Glasgow"
    ]
  },
  {
    "value": "EMEA UK Guildford",
    "synonyms": [
      "EMEA UK Guildford"
    ]
  },
  {
    "value": "EMEA UK Manchester",
    "synonyms": [
      "EMEA UK Manchester"
    ]
  },
  {
    "value": "EMEA UK Newbury",
    "synonyms": [
      "EMEA UK Newbury"
    ]
  },
  {
    "value": "EMEA UK Newcastle upon Tyne",
    "synonyms": [
      "EMEA UK Newcastle upon Tyne"
    ]
  },
  {
    "value": "EMEA UK Portsmouth",
    "synonyms": [
      "EMEA UK Portsmouth"
    ]
  },
  {
    "value": "EMEA UK Reading",
    "synonyms": [
      "EMEA UK Reading"
    ]
  },
  {
    "value": "EMEA UK Swindon",
    "synonyms": [
      "EMEA UK Swindon"
    ]
  },
  {
    "value": "EMEA UK Windsor",
    "synonyms": [
      "EMEA UK Windsor"
    ]
  },
  {
    "value": "EMEA Zimbabwe Harare",
    "synonyms": [
      "EMEA Zimbabwe Harare"
    ]
  },
  {
    "value": "Florida - Jacksonville",
    "synonyms": [
      "Florida - Jacksonville"
    ]
  },
  {
    "value": "FRANKFURT",
    "synonyms": [
      "FRANKFURT"
    ]
  },
  {
    "value": "GENEVA",
    "synonyms": [
      "GENEVA"
    ]
  },
  {
    "value": "Georgia",
    "synonyms": [
      "Georgia"
    ]
  },
  {
    "value": "Hawaii",
    "synonyms": [
      "Hawaii"
    ]
  },
  {
    "value": "HONOLULU",
    "synonyms": [
      "HONOLULU"
    ]
  },
  {
    "value": "HOUSTON",
    "synonyms": [
      "HOUSTON"
    ]
  },
  {
    "value": "IDAHO",
    "synonyms": [
      "IDAHO"
    ]
  },
  {
    "value": "Illinois",
    "synonyms": [
      "Illinois"
    ]
  },
  {
    "value": "Indiana",
    "synonyms": [
      "Indiana"
    ]
  },
  {
    "value": "INDIANAPOLIS",
    "synonyms": [
      "INDIANAPOLIS"
    ]
  },
  {
    "value": "IOWA",
    "synonyms": [
      "IOWA"
    ]
  },
  {
    "value": "JACKSONVILLE",
    "synonyms": [
      "JACKSONVILLE"
    ]
  },
  {
    "value": "KANSAS CITY",
    "synonyms": [
      "KANSAS CITY"
    ]
  },
  {
    "value": "KENTUCKY",
    "synonyms": [
      "KENTUCKY"
    ]
  },
  {
    "value": "LAS VEGAS",
    "synonyms": [
      "LAS VEGAS"
    ]
  },
  {
    "value": "LAT AM - AGUASCALIENTES",
    "synonyms": [
      "LAT AM - AGUASCALIENTES"
    ]
  },
  {
    "value": "LAT AM - ARGENTINA MENDOZA",
    "synonyms": [
      "LAT AM - ARGENTINA MENDOZA"
    ]
  },
  {
    "value": "LAT AM - BOGOTA",
    "synonyms": [
      "LAT AM - BOGOTA"
    ]
  },
  {
    "value": "LAT AM - BRAZIL CAMPO BELO",
    "synonyms": [
      "LAT AM - BRAZIL CAMPO BELO"
    ]
  },
  {
    "value": "LAT AM - BRAZIL PORTO ALEGRE",
    "synonyms": [
      "LAT AM - BRAZIL PORTO ALEGRE"
    ]
  },
  {
    "value": "LAT AM - BUENOS AIRES",
    "synonyms": [
      "LAT AM - BUENOS AIRES"
    ]
  },
  {
    "value": "LAT AM - CAMPINAS",
    "synonyms": [
      "LAT AM - CAMPINAS"
    ]
  },
  {
    "value": "LAT AM - CANCUN",
    "synonyms": [
      "LAT AM - CANCUN"
    ]
  },
  {
    "value": "LAT AM - COSTA RICA",
    "synonyms": [
      "LAT AM - COSTA RICA"
    ]
  },
  {
    "value": "LAT AM - GUADALAJARA JAL",
    "synonyms": [
      "LAT AM - GUADALAJARA JAL"
    ]
  },
  {
    "value": "LAT AM - LIMA",
    "synonyms": [
      "LAT AM - LIMA"
    ]
  },
  {
    "value": "LAT AM - MEXICO CITY",
    "synonyms": [
      "LAT AM - MEXICO CITY"
    ]
  },
  {
    "value": "LAT AM - PANAMA",
    "synonyms": [
      "LAT AM - PANAMA"
    ]
  },
  {
    "value": "LAT AM - QUERETARO QRO",
    "synonyms": [
      "LAT AM - QUERETARO QRO"
    ]
  },
  {
    "value": "LAT AM - RIO DE JANIERO",
    "synonyms": [
      "LAT AM - RIO DE JANIERO"
    ]
  },
  {
    "value": "LAT AM - SALTILLO COAH",
    "synonyms": [
      "LAT AM - SALTILLO COAH"
    ]
  },
  {
    "value": "LAT AM - SAN JOSE",
    "synonyms": [
      "LAT AM - SAN JOSE"
    ]
  },
  {
    "value": "LAT AM - SAN JUAN",
    "synonyms": [
      "LAT AM - SAN JUAN"
    ]
  },
  {
    "value": "LAT AM - SAN MIGUEL DE ALLENDE",
    "synonyms": [
      "LAT AM - SAN MIGUEL DE ALLENDE"
    ]
  },
  {
    "value": "LAT AM - SANTIAGO",
    "synonyms": [
      "LAT AM - SANTIAGO"
    ]
  },
  {
    "value": "LAT AM - SAO PAULO",
    "synonyms": [
      "LAT AM - SAO PAULO"
    ]
  },
  {
    "value": "LAT AM - TRINIDAD AND TOBAGO",
    "synonyms": [
      "LAT AM - TRINIDAD AND TOBAGO"
    ]
  },
  {
    "value": "LITTLE ROCK",
    "synonyms": [
      "LITTLE ROCK"
    ]
  },
  {
    "value": "LONDON",
    "synonyms": [
      "LONDON"
    ]
  },
  {
    "value": "LOS ANGELES",
    "synonyms": [
      "LOS ANGELES"
    ]
  },
  {
    "value": "LOUISVILLE",
    "synonyms": [
      "LOUISVILLE"
    ]
  },
  {
    "value": "MARYLAND",
    "synonyms": [
      "MARYLAND"
    ]
  },
  {
    "value": "Massachusetts",
    "synonyms": [
      "Massachusetts"
    ]
  },
  {
    "value": "MIAMI",
    "synonyms": [
      "MIAMI"
    ]
  },
  {
    "value": "Michigan",
    "synonyms": [
      "Michigan"
    ]
  },
  {
    "value": "MILWAUKEE",
    "synonyms": [
      "MILWAUKEE"
    ]
  },
  {
    "value": "MINNEAPOLIS",
    "synonyms": [
      "MINNEAPOLIS"
    ]
  },
  {
    "value": "Minnesota",
    "synonyms": [
      "Minnesota"
    ]
  },
  {
    "value": "Missouri - All",
    "synonyms": [
      "Missouri - All"
    ]
  },
  {
    "value": "N VIRGINIA",
    "synonyms": [
      "N VIRGINIA"
    ]
  },
  {
    "value": "N. CAL EAST BAY",
    "synonyms": [
      "N. CAL EAST BAY"
    ]
  },
  {
    "value": "NASHVILLE",
    "synonyms": [
      "NASHVILLE"
    ]
  },
  {
    "value": "NEW JERSEY",
    "synonyms": [
      "NEW JERSEY"
    ]
  },
  {
    "value": "New Jersey - All",
    "synonyms": [
      "New Jersey - All"
    ]
  },
  {
    "value": "NEW ORLEANS",
    "synonyms": [
      "NEW ORLEANS"
    ]
  },
  {
    "value": "NEW YORK",
    "synonyms": [
      "NEW YORK"
    ]
  },
  {
    "value": "OKLAHOMA CITY",
    "synonyms": [
      "OKLAHOMA CITY"
    ]
  },
  {
    "value": "OMAHA",
    "synonyms": [
      "OMAHA"
    ]
  },
  {
    "value": "ORANGE COUNTY",
    "synonyms": [
      "ORANGE COUNTY"
    ]
  },
  {
    "value": "ORLANDO",
    "synonyms": [
      "ORLANDO"
    ]
  },
  {
    "value": "PARIS",
    "synonyms": [
      "PARIS"
    ]
  },
  {
    "value": "PHILADELPHIA",
    "synonyms": [
      "PHILADELPHIA"
    ]
  },
  {
    "value": "PHOENIX",
    "synonyms": [
      "PHOENIX"
    ]
  },
  {
    "value": "PITTSBURG",
    "synonyms": [
      "PITTSBURG"
    ]
  },
  {
    "value": "PORTLAND",
    "synonyms": [
      "PORTLAND"
    ]
  },
  {
    "value": "RALEIGH",
    "synonyms": [
      "RALEIGH"
    ]
  },
  {
    "value": "RICHMOND",
    "synonyms": [
      "RICHMOND"
    ]
  },
  {
    "value": "S VIRGINIA",
    "synonyms": [
      "S VIRGINIA"
    ]
  },
  {
    "value": "S. CAROLINA",
    "synonyms": [
      "S. CAROLINA"
    ]
  },
  {
    "value": "SACRAMENTO",
    "synonyms": [
      "SACRAMENTO"
    ]
  },
  {
    "value": "SALT LAKE CITY",
    "synonyms": [
      "SALT LAKE CITY"
    ]
  },
  {
    "value": "SAN DIEGO",
    "synonyms": [
      "SAN DIEGO"
    ]
  },
  {
    "value": "SAN FRANCISCO",
    "synonyms": [
      "SAN FRANCISCO"
    ]
  },
  {
    "value": "SEATTLE",
    "synonyms": [
      "SEATTLE"
    ]
  },
  {
    "value": "SILICON VALLEY",
    "synonyms": [
      "SILICON VALLEY"
    ]
  },
  {
    "value": "SINGAPORE",
    "synonyms": [
      "SINGAPORE"
    ]
  },
  {
    "value": "SOUTH CAROLINA",
    "synonyms": [
      "SOUTH CAROLINA"
    ]
  },
  {
    "value": "ST LOUIS",
    "synonyms": [
      "ST LOUIS"
    ]
  },
  {
    "value": "STAMFORD",
    "synonyms": [
      "STAMFORD"
    ]
  },
  {
    "value": "TAMPA",
    "synonyms": [
      "TAMPA"
    ]
  },
  {
    "value": "TENNESSEE",
    "synonyms": [
      "TENNESSEE"
    ]
  },
  {
    "value": "TORONTO",
    "synonyms": [
      "TORONTO"
    ]
  },
  {
    "value": "TULSA",
    "synonyms": [
      "TULSA"
    ]
  },
  {
    "value": "US - ALABAMA",
    "synonyms": [
      "US - ALABAMA"
    ]
  },
  {
    "value": "US - MARYLAND",
    "synonyms": [
      "US - MARYLAND"
    ]
  },
  {
    "value": "US - S. CAROLINA",
    "synonyms": [
      "US - S. CAROLINA"
    ]
  },
  {
    "value": "US - TENNESSEE",
    "synonyms": [
      "US - TENNESSEE"
    ]
  },
  {
    "value": "US Maryland",
    "synonyms": [
      "US Maryland"
    ]
  },
  {
    "value": "US Tennessee",
    "synonyms": [
      "US Tennessee"
    ]
  },
  {
    "value": "Utah",
    "synonyms": [
      "Utah"
    ]
  },
  {
    "value": "W VIRGINIA",
    "synonyms": [
      "W VIRGINIA"
    ]
  },
  {
    "value": "Washington",
    "synonyms": [
      "Washington"
    ]
  },
  {
    "value": "WICHITA",
    "synonyms": [
      "WICHITA"
    ]
  },
  {
    "value": "ZURICH",
    "synonyms": [
      "ZURICH"
    ]
  }
]