[
  {
    "value": "A few of our trending properties in the Americas are: Oakwood Olympic \u0026 Olive in Los Angeles, CA and Oakwood Dallas Uptown in Dallas ,TX in the USA, as well as 300 Front VC in Toronto, Ontario, and Arc Arenales in Buenos Aires, NA, Argentina. Is there anything else I can help you with?",
    "synonyms": [
      "america",
      "north america",
      "south america",
      "canada",
      "USA",
      "the americas"
    ]
  },
  {
    "value": "Trending properties in the Asia Pacific region are Oakwood Studios Singapore, Oakwood Hotel \u0026 Residence Suzhou, and Oakwood Apartments Ho Chi Minh City. Is there anything else I can help you with?",
    "synonyms": [
      "Asia Pacific",
      "asia",
      "china",
      "australia",
      "apac"
    ]
  },
  {
    "value": "Our trending locations in the EMEA region are the Farringdon, Marylebone, and Kensington properties in London, England. Is there anything else I can help you with?",
    "synonyms": [
      "EMEA",
      "europe",
      "middle east",
      "africa"
    ]
  }
]