[
  {
    "value": "what\u0027s the average nightly rate",
    "synonyms": [
      "what\u0027s the average nightly rate"
    ]
  },
  {
    "value": "price",
    "synonyms": [
      "price",
      "pricing",
      "cost",
      "how much",
      "what is the price",
      "how much is"
    ]
  },
  {
    "value": "what is the average",
    "synonyms": [
      "what is the average"
    ]
  },
  {
    "value": "whats the nightly rate",
    "synonyms": [
      "whats the nightly rate"
    ]
  },
  {
    "value": "estimate",
    "synonyms": [
      "estimate"
    ]
  },
  {
    "value": "whats the price",
    "synonyms": [
      "whats the price"
    ]
  },
  {
    "value": "I was just wondering if I could get pricing",
    "synonyms": [
      "I was just wondering if I could get pricing"
    ]
  },
  {
    "value": "what does it cost",
    "synonyms": [
      "what does it cost"
    ]
  },
  {
    "value": "whats",
    "synonyms": [
      "whats"
    ]
  }
]