[
  {
    "value": "studio",
    "synonyms": [
      "studio",
      "S",
      "studio bedroom",
      "sf",
      "studio bdrm",
      "s bd",
      "Sbd"
    ]
  },
  {
    "value": "3-bedroom",
    "synonyms": [
      "3",
      "3 bedroom",
      "three bedroom",
      "triple",
      "triple bedroom",
      "triple bed",
      "3 bed",
      "three bed",
      "3f",
      "3 bd",
      "three bd",
      "3bd"
    ]
  },
  {
    "value": "1-bedroom",
    "synonyms": [
      "1",
      "single",
      "one bedroom",
      "1 bedroom",
      "single bedroom",
      "one bed",
      "1 bed",
      "single bed",
      "single room",
      "1f",
      "1 bd",
      "one bd",
      "1bedroom",
      "1bd"
    ]
  },
  {
    "value": "2-bedroom",
    "synonyms": [
      "2",
      "2 bedroom",
      "two bedroom",
      "double",
      "two bed",
      "2 bed",
      "double bed",
      "double bedroom",
      "2f",
      "2 bd",
      "two bd",
      "2bd"
    ]
  },
  {
    "value": "4-bedroom",
    "synonyms": [
      "4-bedroom",
      "4 bedroom",
      "four bedroom",
      "four bed",
      "4 bed",
      "4f",
      "4 bd",
      "4 br"
    ]
  },
  {
    "value": "5-bedroom",
    "synonyms": [
      "5-bedroom",
      "five bed",
      "five bedroom",
      "5 bed",
      "5 bd",
      "5 br",
      "5 bedroom"
    ]
  },
  {
    "value": "sinlge",
    "synonyms": [
      "sinlge"
    ]
  },
  {
    "value": "one",
    "synonyms": [
      "one"
    ]
  }
]