[
  {
    "id": "8b1d31b4-b579-4671-9421-6b46e5d8bcc9",
    "data": [
      {
        "text": "what do i do with my ",
        "userDefined": false
      },
      {
        "text": "key",
        "alias": "frequent-questions",
        "meta": "@frequent-questions",
        "userDefined": false
      }
    ],
    "isTemplate": false,
    "count": 0,
    "updated": 0
  },
  {
    "id": "e91afa88-8c94-4eb1-85eb-be5d84c14921",
    "data": [
      {
        "text": "what do i do with my ",
        "userDefined": false
      },
      {
        "text": "keys",
        "alias": "frequent-questions",
        "meta": "@frequent-questions",
        "userDefined": false
      }
    ],
    "isTemplate": false,
    "count": 0,
    "updated": 0
  },
  {
    "id": "02859d3c-893a-4e84-abb5-114f81ba9f21",
    "data": [
      {
        "text": "what if i want to ",
        "userDefined": false
      },
      {
        "text": "extend",
        "alias": "frequent-questions",
        "meta": "@frequent-questions",
        "userDefined": false
      },
      {
        "text": " my stay",
        "userDefined": false
      }
    ],
    "isTemplate": false,
    "count": 0,
    "updated": 0
  },
  {
    "id": "507f262f-bf89-481d-a32a-0a0320bdd96b",
    "data": [
      {
        "text": "how can i ",
        "userDefined": false
      },
      {
        "text": "extend",
        "alias": "frequent-questions",
        "meta": "@frequent-questions",
        "userDefined": false
      },
      {
        "text": " my stay",
        "userDefined": false
      }
    ],
    "isTemplate": false,
    "count": 0,
    "updated": 0
  },
  {
    "id": "8c861880-1f59-4ddc-8723-6e6525cc70c1",
    "data": [
      {
        "text": "what\u0027s the difference between oakwood and a hotel",
        "userDefined": false
      }
    ],
    "isTemplate": false,
    "count": 0,
    "updated": 0
  },
  {
    "id": "f2095116-2008-4ed8-bbb0-056b872c1824",
    "data": [
      {
        "text": "is oakwood worldwide a ",
        "userDefined": false
      },
      {
        "text": "hotel",
        "alias": "frequent-questions",
        "meta": "@frequent-questions",
        "userDefined": false
      }
    ],
    "isTemplate": false,
    "count": 2,
    "updated": 0
  },
  {
    "id": "6ba6c4db-3759-46cd-8fe1-795acd58a9f6",
    "data": [
      {
        "text": "what\u0027s the ",
        "userDefined": false
      },
      {
        "text": "difference between oakwood and a hotel",
        "alias": "frequent-questions",
        "meta": "@frequent-questions",
        "userDefined": true
      }
    ],
    "isTemplate": false,
    "count": 1,
    "updated": 0
  },
  {
    "id": "52484a68-731f-422e-baba-27c940a60754",
    "data": [
      {
        "text": "Are ",
        "userDefined": false
      },
      {
        "text": "pets",
        "alias": "frequent-questions",
        "meta": "@frequent-questions",
        "userDefined": false
      },
      {
        "text": " allowed?",
        "userDefined": false
      }
    ],
    "isTemplate": false,
    "count": 0,
    "updated": 0
  },
  {
    "id": "62ace617-b3d3-4c04-bc33-2ca89f4fb2f2",
    "data": [
      {
        "text": "is there ",
        "userDefined": false
      },
      {
        "text": "parking",
        "alias": "frequent-questions",
        "meta": "@frequent-questions",
        "userDefined": false
      },
      {
        "text": "?",
        "userDefined": false
      }
    ],
    "isTemplate": false,
    "count": 1,
    "updated": 0
  },
  {
    "id": "8dbf547d-6f95-42e5-9ff7-46345e0efaab",
    "data": [
      {
        "text": "where do i return my ",
        "userDefined": false
      },
      {
        "text": "key",
        "alias": "frequent-questions",
        "meta": "@frequent-questions",
        "userDefined": true
      }
    ],
    "isTemplate": false,
    "count": 0,
    "updated": 0
  },
  {
    "id": "ec1198b2-4c32-42a1-b63a-f82035f044bd",
    "data": [
      {
        "text": "where do i return my keys to ",
        "userDefined": false
      },
      {
        "text": "check out",
        "alias": "frequent-questions",
        "meta": "@frequent-questions",
        "userDefined": false
      }
    ],
    "isTemplate": false,
    "count": 0,
    "updated": 0
  },
  {
    "id": "b37993a8-7cec-45bc-b6f6-e9db5556f39d",
    "data": [
      {
        "text": "Who do I contact for questions or service requests?",
        "alias": "frequent-questions",
        "meta": "@frequent-questions",
        "userDefined": true
      }
    ],
    "isTemplate": false,
    "count": 0,
    "updated": 1530302438
  }
]