[
  {
    "id": "528b8e95-ba0a-4a44-8096-406d049e3674",
    "data": [
      {
        "text": "Studio",
        "alias": "tS",
        "meta": "@tS",
        "userDefined": false
      },
      {
        "text": " in ",
        "userDefined": false
      },
      {
        "text": "Portland",
        "alias": "TYPESF",
        "meta": "@TYPESF",
        "userDefined": false
      }
    ],
    "isTemplate": false,
    "count": 0,
    "updated": 1531344394
  },
  {
    "id": "ccca189e-e546-4d3a-92c6-bd1a9c046ca6",
    "data": [
      {
        "text": "S",
        "alias": "tS",
        "meta": "@tS",
        "userDefined": false
      },
      {
        "text": " ",
        "userDefined": false
      },
      {
        "text": "Portland",
        "alias": "TYPESF",
        "meta": "@TYPESF",
        "userDefined": false
      }
    ],
    "isTemplate": false,
    "count": 0,
    "updated": 1531344394
  },
  {
    "id": "ff6d26cc-94bf-4ed0-89a3-6ddbc02d3a53",
    "data": [
      {
        "text": "4",
        "alias": "t4",
        "meta": "@t4",
        "userDefined": false
      },
      {
        "text": " ",
        "userDefined": false
      },
      {
        "text": "Portland",
        "alias": "TYPE4F",
        "meta": "@TYPE4F",
        "userDefined": false
      }
    ],
    "isTemplate": false,
    "count": 0,
    "updated": 1531344394
  },
  {
    "id": "066c9877-0b87-484c-ae28-796dec3ded62",
    "data": [
      {
        "text": "4 Bedroom",
        "alias": "t4",
        "meta": "@t4",
        "userDefined": false
      },
      {
        "text": " in ",
        "userDefined": false
      },
      {
        "text": "Portland",
        "alias": "TYPE4F",
        "meta": "@TYPE4F",
        "userDefined": false
      }
    ],
    "isTemplate": false,
    "count": 0,
    "updated": 1531344394
  },
  {
    "id": "9b3b1719-8ff9-4b05-8b92-af5fd1853516",
    "data": [
      {
        "text": "3",
        "alias": "t3",
        "meta": "@t3",
        "userDefined": false
      },
      {
        "text": " ",
        "userDefined": false
      },
      {
        "text": "Portland",
        "alias": "TYPE3F",
        "meta": "@TYPE3F",
        "userDefined": false
      }
    ],
    "isTemplate": false,
    "count": 0,
    "updated": 1531344394
  },
  {
    "id": "2617715c-b7f4-47a1-98d3-6ebcd8c2581e",
    "data": [
      {
        "text": "Triple",
        "alias": "t3",
        "meta": "@t3",
        "userDefined": false
      },
      {
        "text": " in ",
        "userDefined": false
      },
      {
        "text": "Portland",
        "alias": "TYPE3F",
        "meta": "@TYPE3F",
        "userDefined": false
      }
    ],
    "isTemplate": false,
    "count": 0,
    "updated": 1531344394
  },
  {
    "id": "f7d16038-ff76-4428-bb41-e199f5f68699",
    "data": [
      {
        "text": "2",
        "alias": "t2",
        "meta": "@t2",
        "userDefined": false
      },
      {
        "text": " ",
        "userDefined": false
      },
      {
        "text": "Portland",
        "alias": "TYPE2F",
        "meta": "@TYPE2F",
        "userDefined": false
      }
    ],
    "isTemplate": false,
    "count": 0,
    "updated": 1531344394
  },
  {
    "id": "7236f6ef-8dcf-44c1-8f43-6982524cd80a",
    "data": [
      {
        "text": "Double",
        "alias": "t2",
        "meta": "@t2",
        "userDefined": false
      },
      {
        "text": " in ",
        "userDefined": false
      },
      {
        "text": "Portland",
        "alias": "TYPE2F",
        "meta": "@TYPE2F",
        "userDefined": false
      }
    ],
    "isTemplate": false,
    "count": 0,
    "updated": 1531344394
  },
  {
    "id": "bb15541f-c5b9-4a38-ac04-2e4c8918f58a",
    "data": [
      {
        "text": "Single",
        "alias": "t1",
        "meta": "@t1",
        "userDefined": false
      },
      {
        "text": " in ",
        "userDefined": false
      },
      {
        "text": "Portland",
        "alias": "TYPE1F",
        "meta": "@TYPE1F",
        "userDefined": false
      }
    ],
    "isTemplate": false,
    "count": 0,
    "updated": 1531344394
  },
  {
    "id": "4c3d1af9-eb35-40e6-b109-b6adb171acd7",
    "data": [
      {
        "text": "1",
        "alias": "t1",
        "meta": "@t1",
        "userDefined": true
      },
      {
        "text": " ",
        "userDefined": false
      },
      {
        "text": "PORTLAND",
        "alias": "TYPE1F",
        "meta": "@TYPE1F",
        "userDefined": false
      }
    ],
    "isTemplate": false,
    "count": 0,
    "updated": 1531344394
  }
]