[
  {
    "id": "70d9ef15-5afc-4205-947f-4317c7643423",
    "data": [
      {
        "text": "good morning",
        "userDefined": false
      }
    ],
    "isTemplate": false,
    "count": 0,
    "updated": 1530219540
  },
  {
    "id": "1d05772d-cc80-40a3-865f-5c88d51408fd",
    "data": [
      {
        "text": "hello",
        "userDefined": false
      }
    ],
    "isTemplate": false,
    "count": 0,
    "updated": 1530219540
  },
  {
    "id": "fbafd23a-efc6-426c-9c85-45cfcaddfdc1",
    "data": [
      {
        "text": "hi",
        "userDefined": false
      }
    ],
    "isTemplate": false,
    "count": 0,
    "updated": 1530219540
  }
]