[
  {
    "id": "75b36477-dcba-42f6-9110-99c3e1174857",
    "data": [
      {
        "text": "get name",
        "userDefined": false
      }
    ],
    "isTemplate": false,
    "count": 0,
    "updated": 1530562962
  },
  {
    "id": "755eeca5-5b4f-4c06-93b4-1b011cdd732d",
    "data": [
      {
        "text": "getname",
        "userDefined": false
      }
    ],
    "isTemplate": false,
    "count": 0,
    "updated": 1530562962
  },
  {
    "id": "9f3e8ccb-9915-4408-ad6e-ce58f85d5102",
    "data": [
      {
        "text": "s ",
        "userDefined": false
      },
      {
        "text": "jim",
        "alias": "given-name",
        "meta": "@sys.given-name",
        "userDefined": false
      }
    ],
    "isTemplate": false,
    "count": 0,
    "updated": 1530562962
  },
  {
    "id": "ffc714c2-e781-4726-b387-1ea5c29e469f",
    "data": [
      {
        "text": "search ",
        "userDefined": false
      },
      {
        "text": "gary",
        "alias": "given-name",
        "meta": "@sys.given-name",
        "userDefined": false
      }
    ],
    "isTemplate": false,
    "count": 0,
    "updated": 1530562962
  },
  {
    "id": "d528eab5-8fb5-463b-9a03-63c1e8ac64c1",
    "data": [
      {
        "text": "find ",
        "userDefined": false
      },
      {
        "text": "dave",
        "alias": "given-name",
        "meta": "@sys.given-name",
        "userDefined": false
      }
    ],
    "isTemplate": false,
    "count": 0,
    "updated": 1530562962
  }
]