[
  {
    "id": "a925ffc8-05c6-4fe7-b02a-4af5f5571884",
    "data": [
      {
        "text": "question",
        "userDefined": false
      }
    ],
    "isTemplate": false,
    "count": 0,
    "updated": 1531175745
  },
  {
    "id": "b6322573-e44e-46cd-8173-4ddca34d674b",
    "data": [
      {
        "text": "faq",
        "userDefined": false
      }
    ],
    "isTemplate": false,
    "count": 0,
    "updated": 1531175745
  },
  {
    "id": "0ec5e316-3f2b-487d-8b76-139815fbb2c3",
    "data": [
      {
        "text": "menu",
        "userDefined": false
      }
    ],
    "isTemplate": false,
    "count": 0,
    "updated": 1531175745
  },
  {
    "id": "f5d34590-6c87-46ea-91c6-0b27589d6f4b",
    "data": [
      {
        "text": "questions",
        "userDefined": false
      }
    ],
    "isTemplate": false,
    "count": 0,
    "updated": 1531175745
  }
]