[
  {
    "id": "d650926f-dfb4-48c2-97f3-f36c48b61a33",
    "data": [
      {
        "text": "f",
        "userDefined": false
      }
    ],
    "isTemplate": false,
    "count": 0,
    "updated": 1530556271
  },
  {
    "id": "9ae1a016-4d86-497c-b05e-a95539d5d71b",
    "data": [
      {
        "text": "find",
        "userDefined": false
      }
    ],
    "isTemplate": false,
    "count": 0,
    "updated": 1530556271
  },
  {
    "id": "e6c03624-814b-4757-bbac-5ab2295f4e41",
    "data": [
      {
        "text": "s",
        "userDefined": false
      }
    ],
    "isTemplate": false,
    "count": 0,
    "updated": 1530556271
  },
  {
    "id": "9225409a-6012-4a13-a167-4f20b096527e",
    "data": [
      {
        "text": "search date",
        "userDefined": false
      }
    ],
    "isTemplate": false,
    "count": 0,
    "updated": 1530556271
  },
  {
    "id": "97b28769-01c4-43cd-a8c9-d1c8442714c8",
    "data": [
      {
        "text": "search",
        "userDefined": false
      }
    ],
    "isTemplate": false,
    "count": 0,
    "updated": 1530556271
  }
]