[
  {
    "id": "f5e793bb-95c2-4253-9dc8-7b58ea2c84fd",
    "data": [
      {
        "text": "auz",
        "alias": "given-name",
        "meta": "@sys.given-name",
        "userDefined": true
      }
    ],
    "isTemplate": false,
    "count": 1,
    "updated": 1530553288
  },
  {
    "id": "9ffe1b5f-431b-4542-8e99-6a6de56387ac",
    "data": [
      {
        "text": "Tom",
        "alias": "given-name",
        "meta": "@sys.given-name",
        "userDefined": false
      }
    ],
    "isTemplate": false,
    "count": 0,
    "updated": 1530553288
  },
  {
    "id": "a64439e5-c54d-4ab0-87bc-85da14e5039b",
    "data": [
      {
        "text": "my name is ",
        "userDefined": false
      },
      {
        "text": "Lily",
        "alias": "given-name",
        "meta": "@sys.given-name",
        "userDefined": false
      }
    ],
    "isTemplate": false,
    "count": 0,
    "updated": 1530553288
  },
  {
    "id": "d8157a5f-0332-4d39-bd8b-e5cb5df6bc13",
    "data": [
      {
        "text": "I am ",
        "userDefined": false
      },
      {
        "text": "bob",
        "alias": "given-name",
        "meta": "@sys.given-name",
        "userDefined": false
      }
    ],
    "isTemplate": false,
    "count": 0,
    "updated": 1530553288
  }
]