[
  {
    "id": "9e39e774-b6ee-4950-acb3-bfae6002e6b4",
    "data": [
      {
        "text": "help",
        "userDefined": false
      }
    ],
    "isTemplate": false,
    "count": 0,
    "updated": 1530124862
  },
  {
    "id": "8820bc44-9f9b-4c6c-9969-0d20b78aa84d",
    "data": [
      {
        "text": "h",
        "userDefined": false
      }
    ],
    "isTemplate": false,
    "count": 0,
    "updated": 1530124862
  },
  {
    "id": "a169baa3-e020-40fc-897b-ef1c38875178",
    "data": [
      {
        "text": "t",
        "userDefined": false
      }
    ],
    "isTemplate": false,
    "count": 0,
    "updated": 1530124862
  },
  {
    "id": "111d2f0a-149a-4e09-8391-4ee0f34b5bab",
    "data": [
      {
        "text": "Ticket",
        "userDefined": false
      }
    ],
    "isTemplate": false,
    "count": 1,
    "updated": 1530124862
  },
  {
    "id": "5c7c6e36-944b-402a-8f43-0993ef391c0e",
    "data": [
      {
        "text": "ticekt",
        "userDefined": false
      }
    ],
    "isTemplate": false,
    "count": 2,
    "updated": 1530124862
  },
  {
    "id": "61a99c2c-3da9-4590-90a1-38aa36c600c8",
    "data": [
      {
        "text": "I have a problem",
        "userDefined": false
      }
    ],
    "isTemplate": false,
    "count": 0,
    "updated": 1530124862
  },
  {
    "id": "d229cb38-bf62-44f3-b1e7-092ce0827ae0",
    "data": [
      {
        "text": "I want to submit a ticket",
        "userDefined": false
      }
    ],
    "isTemplate": false,
    "count": 0,
    "updated": 1530124862
  },
  {
    "id": "e5f43dd5-ae4f-40b4-816e-b8308c9e1f5f",
    "data": [
      {
        "text": "Issue",
        "userDefined": false
      }
    ],
    "isTemplate": false,
    "count": 0,
    "updated": 1530124862
  },
  {
    "id": "cf6ee3cd-0848-4ef9-94aa-7c38ffdbd822",
    "data": [
      {
        "text": "Problem",
        "userDefined": false
      }
    ],
    "isTemplate": false,
    "count": 0,
    "updated": 1530124862
  },
  {
    "id": "d8042d34-844a-4a64-8ead-145433be658e",
    "data": [
      {
        "text": "Submit Ticket",
        "userDefined": false
      }
    ],
    "isTemplate": false,
    "count": 0,
    "updated": 1530124862
  }
]