[
  {
    "id": "1261a398-ba02-4687-8873-717828dc1bf7",
    "data": [
      {
        "text": "my number is ",
        "userDefined": false
      },
      {
        "text": "4159120096",
        "alias": "phone-number",
        "meta": "@sys.phone-number",
        "userDefined": true
      }
    ],
    "isTemplate": false,
    "count": 1,
    "updated": 1530121771
  },
  {
    "id": "208ef1c4-898e-43ae-9597-d036bebb7aae",
    "data": [
      {
        "text": "4159120096",
        "alias": "phone-number",
        "meta": "@sys.phone-number",
        "userDefined": true
      }
    ],
    "isTemplate": false,
    "count": 0,
    "updated": 1530121771
  },
  {
    "id": "cdfb1845-a6db-44e4-a3ed-1eda4eb45488",
    "data": [
      {
        "text": "+1234324234",
        "alias": "phone-number",
        "meta": "@sys.phone-number",
        "userDefined": false
      }
    ],
    "isTemplate": false,
    "count": 0,
    "updated": 1530121771
  },
  {
    "id": "bef43f88-9c67-48f2-98cf-d923a80b95f5",
    "data": [
      {
        "text": "mobile number is ",
        "userDefined": false
      },
      {
        "text": "+1 234234234",
        "alias": "phone-number",
        "meta": "@sys.phone-number",
        "userDefined": false
      }
    ],
    "isTemplate": false,
    "count": 0,
    "updated": 1530121771
  },
  {
    "id": "1fd50766-8689-4e28-96e0-6b8f4dfb3e87",
    "data": [
      {
        "text": "my phone number is ",
        "userDefined": false
      },
      {
        "text": "+ 1231232432",
        "alias": "phone-number",
        "meta": "@sys.phone-number",
        "userDefined": false
      }
    ],
    "isTemplate": false,
    "count": 0,
    "updated": 1530121771
  }
]